Країна,URL,Столиця,Офіційні мови,Незалежність,Валюта,Телефонний код
Австралія,https://uk.wikipedia.org/wiki/%D0%90%D0%B2%D1%81%D1%82%D1%80%D0%B0%D0%BB%D1%96%D1%8F,Невідомо,англійська 1,від Великої Британії,Австралійський долар ( AUD ),+61
Боснія і Герцеговина,https://uk.wikipedia.org/wiki/%D0%91%D0%BE%D1%81%D0%BD%D1%96%D1%8F_%D1%96_%D0%93%D0%B5%D1%80%D1%86%D0%B5%D0%B3%D0%BE%D0%B2%D0%B8%D0%BD%D0%B0,Невідомо,"боснійська , хорватська , сербська",від СФРЮ,Конвертовна марка ( BAM ),+387
Білорусь,https://uk.wikipedia.org/wiki/%D0%91%D1%96%D0%BB%D0%BE%D1%80%D1%83%D1%81%D1%8C,Невідомо,білоруська і російська,Невідомо,білоруський рубль ( BYN ),+375
Болівія,https://uk.wikipedia.org/wiki/%D0%91%D0%BE%D0%BB%D1%96%D0%B2%D1%96%D1%8F,Невідомо,"Іспанська , кечуа , аймара , араона , айорео , чакобо , мовіма , гуарані , чикітано",,Болівіано ( BOB ),+591
Ботсвана,https://uk.wikipedia.org/wiki/%D0%91%D0%BE%D1%82%D1%81%D0%B2%D0%B0%D0%BD%D0%B0,Невідомо,англійська (офіційна) тсвана (національна),від Великої Британії,Пула ( BWP ),+267
Болгарія,https://uk.wikipedia.org/wiki/%D0%91%D0%BE%D0%BB%D0%B3%D0%B0%D1%80%D1%96%D1%8F,Невідомо,болгарська,Невідомо,Лев ( BGN ),+359
Бразилія,https://uk.wikipedia.org/wiki/%D0%91%D1%80%D0%B0%D0%B7%D0%B8%D0%BB%D1%96%D1%8F,Невідомо,Португальська,від Португалії,Реал (R$) ( BRL ),+55
Беліз,https://uk.wikipedia.org/wiki/%D0%91%D0%B5%D0%BB%D1%96%D0%B7,Невідомо,англійська мова,,Белізький долар ( BZD ),+501
Буркіна-Фасо,https://uk.wikipedia.org/wiki/%D0%91%D1%83%D1%80%D0%BA%D1%96%D0%BD%D0%B0-%D0%A4%D0%B0%D1%81%D0%BE,Невідомо,Французька,від Франції,Франк CFA ( XOF ),+226
Бахрейн,https://uk.wikipedia.org/wiki/%D0%91%D0%B0%D1%85%D1%80%D0%B5%D0%B9%D0%BD,Невідомо,Арабська,15 серпня 1971 — від Великої Британії,Динар ( BHD ),+973
Барбадос,https://uk.wikipedia.org/wiki/%D0%91%D0%B0%D1%80%D0%B1%D0%B0%D0%B4%D0%BE%D1%81,Невідомо,англійська мова,від Великої Британії,Барбадоський долар ( BBD ),+246
Бангладеш,https://uk.wikipedia.org/wiki/%D0%91%D0%B0%D0%BD%D0%B3%D0%BB%D0%B0%D0%B4%D0%B5%D1%88,Невідомо,Бенгальська (Бангла),від Пакистану,Така ( BDT ),+880
Бельгія,https://uk.wikipedia.org/wiki/%D0%91%D0%B5%D0%BB%D1%8C%D0%B3%D1%96%D1%8F,Невідомо,"нідерландська , французька і німецька",від Нідерландів,Євро ( EUR ),+32
Бруней,https://uk.wikipedia.org/wiki/%D0%91%D1%80%D1%83%D0%BD%D0%B5%D0%B9,Невідомо,Малайська (національна),,Бруннейський рінггіт ( BND ),+673 1
Багамські Острови,https://uk.wikipedia.org/wiki/%D0%91%D0%B0%D0%B3%D0%B0%D0%BC%D1%81%D1%8C%D0%BA%D1%96_%D0%9E%D1%81%D1%82%D1%80%D0%BE%D0%B2%D0%B8,Невідомо,англійська мова,,Багамський долар ( BSD ),+242
Бенін,https://uk.wikipedia.org/wiki/%D0%91%D0%B5%D0%BD%D1%96%D0%BD,Невідомо,Французька,від Франції,Франк КФА ( XOF ),+229
Сомаліленд,https://uk.wikipedia.org/wiki/%D0%A1%D0%BE%D0%BC%D0%B0%D0%BB%D1%96%D0%BB%D0%B5%D0%BD%D0%B4,Невідомо,Сомалі,від Сомалі,Сомалілендський шилінг 1 ( SLSH ),+252
Південна Осетія,https://uk.wikipedia.org/wiki/%D0%9F%D1%96%D0%B2%D0%B4%D0%B5%D0%BD%D0%BD%D0%B0_%D0%9E%D1%81%D0%B5%D1%82%D1%96%D1%8F,Невідомо,"осетинська , російська , грузинська [ 1 ]",Невідомо,російський рубль ( RUB ),"+7 9971, +7 9976, +7 99744, +7 995344"
Амбазонія,https://uk.wikipedia.org/wiki/%D0%90%D0%BC%D0%B1%D0%B0%D0%B7%D0%BE%D0%BD%D1%96%D1%8F,Невідомо,Невідомо,Невідомо,Невідомо,Невідомо
Придністров'я,https://uk.wikipedia.org/wiki/%D0%9F%D1%80%D0%B8%D0%B4%D0%BD%D1%96%D1%81%D1%82%D1%80%D0%BE%D0%B2%D1%81%D1%8C%D0%BA%D0%B0_%D0%9C%D0%BE%D0%BB%D0%B4%D0%B0%D0%B2%D1%81%D1%8C%D0%BA%D0%B0_%D0%A0%D0%B5%D1%81%D0%BF%D1%83%D0%B1%D0%BB%D1%96%D0%BA%D0%B0,Невідомо,молдовська (кирилиця) українська російська,Невідомо,Придністровський рубль ( PRB ),+373
Мартиніка,https://uk.wikipedia.org/wiki/%D0%9C%D0%B0%D1%80%D1%82%D0%B8%D0%BD%D1%96%D0%BA%D0%B0,Невідомо,,Невідомо,Євро ( EUR ),Невідомо
Північний Кіпр,https://uk.wikipedia.org/wiki/%D0%A2%D1%83%D1%80%D0%B5%D1%86%D1%8C%D0%BA%D0%B0_%D0%A0%D0%B5%D1%81%D0%BF%D1%83%D0%B1%D0%BB%D1%96%D0%BA%D0%B0_%D0%9F%D1%96%D0%B2%D0%BD%D1%96%D1%87%D0%BD%D0%BE%D0%B3%D0%BE_%D0%9A%D1%96%D0%BF%D1%80%D1%83,Невідомо,турецька,Невідомо,турецька ліра ( TRY ),+ 90 (+90-392 для ТРПК )
Гваделупа,https://uk.wikipedia.org/wiki/%D0%93%D0%B2%D0%B0%D0%B4%D0%B5%D0%BB%D1%83%D0%BF%D0%B0,Невідомо,,Невідомо,Євро ( EUR ),Невідомо
Гвіана,https://uk.wikipedia.org/wiki/%D0%A4%D1%80%D0%B0%D0%BD%D1%86%D1%83%D0%B7%D1%8C%D0%BA%D0%B0_%D0%93%D0%B2%D1%96%D0%B0%D0%BD%D0%B0,Невідомо,Французька,Невідомо,Євро ( Класифікація валют (ISO 4217) ),+594
Майотта,https://uk.wikipedia.org/wiki/%D0%9C%D0%B0%D0%B9%D0%BE%D1%82%D1%82%D0%B0,Невідомо,Французька мова,Невідомо,Євро ( EUR ),+262
Мадейра,https://uk.wikipedia.org/wiki/%D0%9C%D0%B0%D0%B4%D0%B5%D0%B9%D1%80%D0%B0,Невідомо,португальська,Невідомо,Євро (€) ( EUR ),+351-291-ххх-ххх
Азорські Острови,https://uk.wikipedia.org/wiki/%D0%90%D0%B7%D0%BE%D1%80%D1%81%D1%8C%D0%BA%D1%96_%D0%9E%D1%81%D1%82%D1%80%D0%BE%D0%B2%D0%B8,Невідомо,португальська,Невідомо,Євро (€) ( EUR ),+351
Абхазія,https://uk.wikipedia.org/wiki/%D0%A0%D0%B5%D1%81%D0%BF%D1%83%D0%B1%D0%BB%D1%96%D0%BA%D0%B0_%D0%90%D0%B1%D1%85%D0%B0%D0%B7%D1%96%D1%8F,Невідомо,"абхазька , російська [ 1 ]",Невідомо,"російський рубль , апсар ( RUB )",+7 840 та 7 940
Сінт-Естатіус,https://uk.wikipedia.org/wiki/%D0%A1%D1%96%D0%BD%D1%82-%D0%95%D1%81%D1%82%D0%B0%D1%82%D1%96%D1%83%D1%81,Невідомо,"нідерландська , англійська",Невідомо,Американський долар ( USD ),+599
Макао,https://uk.wikipedia.org/wiki/%D0%9C%D0%B0%D0%BA%D0%B0%D0%BE,Невідомо,"Китайська , [ 1 ] португальська",Невідомо,Аоминська патака ( MOP ),+853
Гонконг,https://uk.wikipedia.org/wiki/%D0%93%D0%BE%D0%BD%D0%BA%D0%BE%D0%BD%D0%B3,Невідомо,кантонська мова китайська мова англійська мова [ note 2 ],Невідомо,гонконзький долар ( HKD ),+ 852
Саба,https://uk.wikipedia.org/wiki/%D0%A1%D0%B0%D0%B1%D0%B0_(%D0%BE%D1%81%D1%82%D1%80%D1%96%D0%B2),Невідомо,"нідерландська , пап'яменто , англійська [ 1 ]",Невідомо,Американський долар ( USD ),+599
Бонайре,https://uk.wikipedia.org/wiki/%D0%91%D0%BE%D0%BD%D0%B0%D0%B9%D1%80%D0%B5,Невідомо,"Нідерландська , пап'яменто",Невідомо,Долар США ( USD ),+599
Мелілья,https://uk.wikipedia.org/wiki/%D0%9C%D0%B5%D0%BB%D1%96%D0%BB%D1%8C%D1%8F,Невідомо,Невідомо,Невідомо,Невідомо,Невідомо
Канарські Острови,https://uk.wikipedia.org/wiki/%D0%9A%D0%B0%D0%BD%D0%B0%D1%80%D1%81%D1%8C%D0%BA%D1%96_%D0%9E%D1%81%D1%82%D1%80%D0%BE%D0%B2%D0%B8,Невідомо,Невідомо,Невідомо,Невідомо,Невідомо
Аланди,https://uk.wikipedia.org/wiki/%D0%90%D0%BB%D0%B0%D0%BD%D0%B4%D1%81%D1%8C%D0%BA%D1%96_%D0%BE%D1%81%D1%82%D1%80%D0%BE%D0%B2%D0%B8,Невідомо,шведська,Невідомо,Євро ( EUR ),+358 18
Сеута,https://uk.wikipedia.org/wiki/%D0%A1%D0%B5%D1%83%D1%82%D0%B0,Невідомо,Невідомо,Невідомо,Невідомо,Невідомо
Французькі Південні і Антарктичні Території,https://uk.wikipedia.org/wiki/%D0%A4%D1%80%D0%B0%D0%BD%D1%86%D1%83%D0%B7%D1%8C%D0%BA%D1%96_%D0%9F%D1%96%D0%B2%D0%B4%D0%B5%D0%BD%D0%BD%D1%96_%D1%96_%D0%90%D0%BD%D1%82%D0%B0%D1%80%D0%BA%D1%82%D0%B8%D1%87%D0%BD%D1%96_%D0%A2%D0%B5%D1%80%D0%B8%D1%82%D0%BE%D1%80%D1%96%D1%97,Невідомо,Французька,Невідомо,Невідомо,Невідомо
Сен-П'єр і Мікелон,https://uk.wikipedia.org/wiki/%D0%A1%D0%B5%D0%BD-%D0%9F%27%D1%94%D1%80_%D1%96_%D0%9C%D1%96%D0%BA%D0%B5%D0%BB%D0%BE%D0%BD,Невідомо,французька,Невідомо,Євро ( EUR ),+508
Суверенні території,https://uk.wikipedia.org/wiki/%D0%A1%D1%83%D0%B2%D0%B5%D1%80%D0%B5%D0%BD%D0%BD%D1%96_%D1%82%D0%B5%D1%80%D0%B8%D1%82%D0%BE%D1%80%D1%96%D1%97_%D0%86%D1%81%D0%BF%D0%B0%D0%BD%D1%96%D1%97,Невідомо,Невідомо,Невідомо,Невідомо,Невідомо
Пуерто-Рико,https://uk.wikipedia.org/wiki/%D0%9F%D1%83%D0%B5%D1%80%D1%82%D0%BE-%D0%A0%D0%B8%D0%BA%D0%BE,Невідомо,"іспанська мова , англійська мова",Невідомо,Долар США ( USD ),"+1-787, +1-939"
Кліппертон,https://uk.wikipedia.org/wiki/%D0%9A%D0%BB%D1%96%D0%BF%D0%BF%D0%B5%D1%80%D1%82%D0%BE%D0%BD,Невідомо,Невідомо,Невідомо,Невідомо,Невідомо
Сен-Бартельмі,https://uk.wikipedia.org/wiki/%D0%A1%D0%B5%D0%BD-%D0%91%D0%B0%D1%80%D1%82%D0%B5%D0%BB%D1%8C%D0%BC%D1%96,Невідомо,Французька,Невідомо,Євро ( EUR ),Невідомо
Сен-Мартен,https://uk.wikipedia.org/wiki/%D0%A1%D0%B5%D0%BD-%D0%9C%D0%B0%D1%80%D1%82%D0%B5%D0%BD_(%D0%A4%D1%80%D0%B0%D0%BD%D1%86%D1%96%D1%8F),Невідомо,Французька,Невідомо,Євро ( EUR ),+590
Французька Полінезія,https://uk.wikipedia.org/wiki/%D0%A4%D1%80%D0%B0%D0%BD%D1%86%D1%83%D0%B7%D1%8C%D0%BA%D0%B0_%D0%9F%D0%BE%D0%BB%D1%96%D0%BD%D0%B5%D0%B7%D1%96%D1%8F,Невідомо,"Французька , таїтянська",Невідомо,Французький тихоокеанський франк ( XPF ),+689
Нова Каледонія,https://uk.wikipedia.org/wiki/%D0%9D%D0%BE%D0%B2%D0%B0_%D0%9A%D0%B0%D0%BB%D0%B5%D0%B4%D0%BE%D0%BD%D1%96%D1%8F,Невідомо,французька,Невідомо,Французький тихоокеанський франк ( XPF ),+687
Реюньйон,https://uk.wikipedia.org/wiki/%D0%A0%D0%B5%D1%8E%D0%BD%D1%8C%D0%B9%D0%BE%D0%BD,Невідомо,Французька,Невідомо,Невідомо,Невідомо
Волліс і Футуна,https://uk.wikipedia.org/wiki/%D0%92%D0%BE%D0%BB%D0%BB%D1%96%D1%81_%D1%96_%D0%A4%D1%83%D1%82%D1%83%D0%BD%D0%B0,Невідомо,французька,Невідомо,Французький тихоокеанський франк ( XPF ),+681
Зовнішні малі острови США,https://uk.wikipedia.org/wiki/%D0%97%D0%BE%D0%B2%D0%BD%D1%96%D1%88%D0%BD%D1%96_%D0%BC%D0%B0%D0%BB%D1%96_%D0%BE%D1%81%D1%82%D1%80%D0%BE%D0%B2%D0%B8_%D0%A1%D0%A8%D0%90,Невідомо,англійська,Невідомо,Долар США ( USD ),Невідомо
Американські Віргіни,https://uk.wikipedia.org/wiki/%D0%90%D0%BC%D0%B5%D1%80%D0%B8%D0%BA%D0%B0%D0%BD%D1%81%D1%8C%D0%BA%D1%96_%D0%92%D1%96%D1%80%D0%B3%D1%96%D0%BD%D1%81%D1%8C%D0%BA%D1%96_%D0%9E%D1%81%D1%82%D1%80%D0%BE%D0%B2%D0%B8,Невідомо,англійська мова,Невідомо,Долар США ( USD ),Невідомо
Північні Маріани,https://uk.wikipedia.org/wiki/%D0%9F%D1%96%D0%B2%D0%BD%D1%96%D1%87%D0%BD%D1%96_%D0%9C%D0%B0%D1%80%D1%96%D0%B0%D0%BD%D1%81%D1%8C%D0%BA%D1%96_%D0%9E%D1%81%D1%82%D1%80%D0%BE%D0%B2%D0%B8,Невідомо,"англійська , чаморро",Невідомо,долар США ( Класифікація валют (ISO 4217) ),+1 670
Гуам,https://uk.wikipedia.org/wiki/%D0%93%D1%83%D0%B0%D0%BC,Невідомо,"англійська , чаморро",Невідомо,Долар США ( USD ),++1-671
Острів Петра I,https://uk.wikipedia.org/wiki/%D0%9E%D1%81%D1%82%D1%80%D1%96%D0%B2_%D0%9F%D0%B5%D1%82%D1%80%D0%B0_I,Невідомо,немає,Невідомо,Невідомо,Невідомо
Свальбард,https://uk.wikipedia.org/wiki/%D0%A1%D0%B2%D0%B0%D0%BB%D1%8C%D0%B1%D0%B0%D1%80%D0%B4,Невідомо,норвезька,Невідомо,Норвезька крона ( NOK ),+47
Земля Королеви Мод,https://uk.wikipedia.org/wiki/%D0%97%D0%B5%D0%BC%D0%BB%D1%8F_%D0%9A%D0%BE%D1%80%D0%BE%D0%BB%D0%B5%D0%B2%D0%B8_%D0%9C%D0%BE%D0%B4,Невідомо,немає,Невідомо,Невідомо,Невідомо
Ян-Маєн,https://uk.wikipedia.org/wiki/%D0%AF%D0%BD-%D0%9C%D0%B0%D1%94%D0%BD,Невідомо,Невідомо,Невідомо,Невідомо,Невідомо
Американське Самоа,https://uk.wikipedia.org/wiki/%D0%90%D0%BC%D0%B5%D1%80%D0%B8%D0%BA%D0%B0%D0%BD%D1%81%D1%8C%D0%BA%D0%B5_%D0%A1%D0%B0%D0%BC%D0%BE%D0%B0,Невідомо,"самоанська , англійська",Невідомо,долар США ( USD ),+1 684
Кюрасао,https://uk.wikipedia.org/wiki/%D0%9A%D1%8E%D1%80%D0%B0%D1%81%D0%B0%D0%BE,Невідомо,"Нідерландська , Пап'яменто , й англійська",Невідомо,Гульден Нідерландських Антильських островів ( ANG ),+ +599
Острів Буве,https://uk.wikipedia.org/wiki/%D0%91%D1%83%D0%B2%D0%B5,Невідомо,немає,Невідомо,Невідомо,Невідомо
Територія Росса,https://uk.wikipedia.org/wiki/%D0%A2%D0%B5%D1%80%D0%B8%D1%82%D0%BE%D1%80%D1%96%D1%8F_%D0%A0%D0%BE%D1%81%D1%81%D0%B0,Невідомо,англійська,Невідомо,Невідомо,+64-2409
Ніуе,https://uk.wikipedia.org/wiki/%D0%9D%D1%96%D1%83%D0%B5,Невідомо,"Англійська , ніуе",від Нової Зеландії,"Новозеландський долар , Долар Ніуе ( NZD )",+683
Сінт-Мартен,https://uk.wikipedia.org/wiki/%D0%A1%D1%96%D0%BD%D1%82-%D0%9C%D0%B0%D1%80%D1%82%D0%B5%D0%BD,Невідомо,"нідерландська , англійська",Невідомо,Нідерландський антильський гульден ( ANG ),+599
Токелау,https://uk.wikipedia.org/wiki/%D0%A2%D0%BE%D0%BA%D0%B5%D0%BB%D0%B0%D1%83,Невідомо,мова Токелау англійська самоанська 1,Невідомо,Новозеландський долар ( NZD ),+690
Острови Кука,https://uk.wikipedia.org/wiki/%D0%9E%D1%81%D1%82%D1%80%D0%BE%D0%B2%D0%B8_%D0%9A%D1%83%D0%BA%D0%B0,Невідомо,маорі о-вів Кука англійська 1,Невідомо,Новозеландський долар ( NZD ),+682
Фарери,https://uk.wikipedia.org/wiki/%D0%A4%D0%B0%D1%80%D0%B5%D1%80%D1%81%D1%8C%D0%BA%D1%96_%D0%9E%D1%81%D1%82%D1%80%D0%BE%D0%B2%D0%B8,Невідомо,"данська , фарерська",Невідомо,Фарерська крона ( DKK ),+298
Гренландія,https://uk.wikipedia.org/wiki/%D0%93%D1%80%D0%B5%D0%BD%D0%BB%D0%B0%D0%BD%D0%B4%D1%96%D1%8F,Невідомо,Гренландська,Невідомо,Данська крона ( DKK ),+299
"Острови Святої Єлени, Вознесіння і Тристан-да-Кунья","https://uk.wikipedia.org/wiki/%D0%9E%D1%81%D1%82%D1%80%D0%BE%D0%B2%D0%B8_%D0%A1%D0%B2%D1%8F%D1%82%D0%BE%D1%97_%D0%84%D0%BB%D0%B5%D0%BD%D0%B8,_%D0%92%D0%BE%D0%B7%D0%BD%D0%B5%D1%81%D1%96%D0%BD%D0%BD%D1%8F_%D1%96_%D0%A2%D1%80%D0%B8%D1%81%D1%82%D0%B0%D0%BD-%D0%B4%D0%B0-%D0%9A%D1%83%D0%BD%D1%8C%D1%8F",Невідомо,англійська,Невідомо,"Фунт Святої Єлени , Фунт стерлінгів ( SHP, GBP )",Невідомо
Теркс і Кайкос,https://uk.wikipedia.org/wiki/%D0%9E%D1%81%D1%82%D1%80%D0%BE%D0%B2%D0%B8_%D0%A2%D0%B5%D1%80%D0%BA%D1%81_%D1%96_%D0%9A%D0%B0%D0%B9%D0%BA%D0%BE%D1%81,Невідомо,англійська мова,Невідомо,Долар США ( USD ),+1-649
Аруба,https://uk.wikipedia.org/wiki/%D0%90%D1%80%D1%83%D0%B1%D0%B0,Невідомо,"нідерландська мова , пап'яменто [ 1 ]",Невідомо,Арубський флорін ( AWG ),+297
Південна Джорджія і Південні Сандвічеві Острови,https://uk.wikipedia.org/wiki/%D0%9F%D1%96%D0%B2%D0%B4%D0%B5%D0%BD%D0%BD%D0%B0_%D0%94%D0%B6%D0%BE%D1%80%D0%B4%D0%B6%D1%96%D1%8F_%D1%96_%D0%9F%D1%96%D0%B2%D0%B4%D0%B5%D0%BD%D0%BD%D1%96_%D0%A1%D0%B0%D0%BD%D0%B4%D0%B2%D1%96%D1%87%D0%B5%D0%B2%D1%96_%D0%9E%D1%81%D1%82%D1%80%D0%BE%D0%B2%D0%B8,Невідомо,англійська,Невідомо,Фунт стерлінгів ( GBP ),Невідомо
Фолкленди,https://uk.wikipedia.org/wiki/%D0%A4%D0%BE%D0%BB%D0%BA%D0%BB%D0%B5%D0%BD%D0%B4%D1%81%D1%8C%D0%BA%D1%96_%D0%9E%D1%81%D1%82%D1%80%D0%BE%D0%B2%D0%B8,Невідомо,англійська,Невідомо,Фолклендський фунт [b] ( FKP ),+500
Британська Територія в Індійському Океані,https://uk.wikipedia.org/wiki/%D0%91%D1%80%D0%B8%D1%82%D0%B0%D0%BD%D1%81%D1%8C%D0%BA%D0%B0_%D0%A2%D0%B5%D1%80%D0%B8%D1%82%D0%BE%D1%80%D1%96%D1%8F_%D0%B2_%D0%86%D0%BD%D0%B4%D1%96%D0%B9%D1%81%D1%8C%D0%BA%D0%BE%D0%BC%D1%83_%D0%9E%D0%BA%D0%B5%D0%B0%D0%BD%D1%96,Невідомо,Англійська,Невідомо,Долар США [ 1 ] ( USD ),+246
Острів Мен,https://uk.wikipedia.org/wiki/%D0%9E%D1%81%D1%82%D1%80%D1%96%D0%B2_%D0%9C%D0%B5%D0%BD,Невідомо,англійська менська,Невідомо,Фунт острова Мен (прив'язаний до Фунта стерлінгів ) ( IMP;GBP ),++44
Гернсі,https://uk.wikipedia.org/wiki/%D0%93%D0%B5%D1%80%D0%BD%D1%81%D1%96,Невідомо,"англійська , французька",Невідомо,Фунт стерлінгів ; Гернсійський фунт ( GBP;GGP ),+44
Гібралтар,https://uk.wikipedia.org/wiki/%D0%93%D1%96%D0%B1%D1%80%D0%B0%D0%BB%D1%82%D0%B0%D1%80,Невідомо,англійська,Невідомо,Гібралтарський фунт £ ( GIP ),+ +350
Монтсеррат,https://uk.wikipedia.org/wiki/%D0%9C%D0%BE%D0%BD%D1%82%D1%81%D0%B5%D1%80%D1%80%D0%B0%D1%82,Невідомо,англійська,Невідомо,східнокарибський долар ( XCD ),Невідомо
Піткерн,https://uk.wikipedia.org/wiki/%D0%9F%D1%96%D1%82%D0%BA%D0%B5%D1%80%D0%BD,Невідомо,"піткернська , англійська",Невідомо,Новозеландський долар ( Класифікація валют (ISO 4217) ),+64
Кайманові Острови,https://uk.wikipedia.org/wiki/%D0%9A%D0%B0%D0%B9%D0%BC%D0%B0%D0%BD%D0%BE%D0%B2%D1%96_%D0%9E%D1%81%D1%82%D1%80%D0%BE%D0%B2%D0%B8,Невідомо,Англійська,від Ямайки,Долар Кайманових Островів ( KYD ),+1 345
Бермуди,https://uk.wikipedia.org/wiki/%D0%91%D0%B5%D1%80%D0%BC%D1%83%D0%B4%D1%81%D1%8C%D0%BA%D1%96_%D0%9E%D1%81%D1%82%D1%80%D0%BE%D0%B2%D0%B8,Невідомо,Англійська 1,Невідомо,Бермудський долар 3 ( BMD ),+1 441
Британські Віргіни,https://uk.wikipedia.org/wiki/%D0%91%D1%80%D0%B8%D1%82%D0%B0%D0%BD%D1%81%D1%8C%D0%BA%D1%96_%D0%92%D1%96%D1%80%D0%B3%D1%96%D0%BD%D1%81%D1%8C%D0%BA%D1%96_%D0%9E%D1%81%D1%82%D1%80%D0%BE%D0%B2%D0%B8,Невідомо,англійська,Невідомо,долар США ( USD ),Невідомо
Джерсі,https://uk.wikipedia.org/wiki/%D0%94%D0%B6%D0%B5%D1%80%D1%81%D1%96,Невідомо,англійська ; французька ; нормандська ( джерсійський діалект ),Невідомо,"Фунт стерлінгів , Джерсійський фунт ( GBP;JEP )",+44-1534
Острів Норфолк,https://uk.wikipedia.org/wiki/%D0%9E%D1%81%D1%82%D1%80%D1%96%D0%B2_%D0%9D%D0%BE%D1%80%D1%84%D0%BE%D0%BB%D0%BA,Невідомо,"Норфолкська мова , англійська",Невідомо,Австралійський долар ( AUD ),++6723
Британська Антарктична Територія,https://uk.wikipedia.org/wiki/%D0%91%D1%80%D0%B8%D1%82%D0%B0%D0%BD%D1%81%D1%8C%D0%BA%D0%B0_%D0%90%D0%BD%D1%82%D0%B0%D1%80%D0%BA%D1%82%D0%B8%D1%87%D0%BD%D0%B0_%D0%A2%D0%B5%D1%80%D0%B8%D1%82%D0%BE%D1%80%D1%96%D1%8F,Невідомо,Англійська,Невідомо,Невідомо,Невідомо
Акротирі і Декелія,https://uk.wikipedia.org/wiki/%D0%90%D0%BA%D1%80%D0%BE%D1%82%D0%B8%D1%80%D1%96_%D1%96_%D0%94%D0%B5%D0%BA%D0%B5%D0%BB%D1%96%D1%8F,Невідомо,"англійська , грецька",Невідомо,Євро ( EUR ),+ 357
Ангілья,https://uk.wikipedia.org/wiki/%D0%90%D0%BD%D0%B3%D1%96%D0%BB%D1%8C%D1%8F,Невідомо,англійська,Невідомо,Східно-карибський долар ( XCD ),Невідомо
Острови Коралового моря,https://uk.wikipedia.org/wiki/%D0%9E%D1%81%D1%82%D1%80%D0%BE%D0%B2%D0%B8_%D0%9A%D0%BE%D1%80%D0%B0%D0%BB%D0%BE%D0%B2%D0%BE%D0%B3%D0%BE_%D0%BC%D0%BE%D1%80%D1%8F,Невідомо,Невідомо,Невідомо,Невідомо,Невідомо
Кокосові Острови,https://uk.wikipedia.org/wiki/%D0%9A%D0%BE%D0%BA%D0%BE%D1%81%D0%BE%D0%B2%D1%96_%D0%9E%D1%81%D1%82%D1%80%D0%BE%D0%B2%D0%B8,Невідомо,англійська ( de facto ),Невідомо,Австралійський долар ( AUD ),+61 891
Острів Різдва,https://uk.wikipedia.org/wiki/%D0%9E%D1%81%D1%82%D1%80%D1%96%D0%B2_%D0%A0%D1%96%D0%B7%D0%B4%D0%B2%D0%B0,Невідомо,немає,Невідомо,Австралійський долар ( AUD ),+61
Острів Герд і острови Макдональд,https://uk.wikipedia.org/wiki/%D0%9E%D1%81%D1%82%D1%80%D0%BE%D0%B2%D0%B8_%D0%93%D0%B5%D1%80%D0%B4_%D1%96_%D0%9C%D0%B0%D0%BA%D0%B4%D0%BE%D0%BD%D0%B0%D0%BB%D1%8C%D0%B4,Невідомо,Невідомо,Невідомо,Невідомо,Невідомо
Австралійська Антарктична Територія,https://uk.wikipedia.org/wiki/%D0%90%D0%B2%D1%81%D1%82%D1%80%D0%B0%D0%BB%D1%96%D0%B9%D1%81%D1%8C%D0%BA%D0%B0_%D0%90%D0%BD%D1%82%D0%B0%D1%80%D0%BA%D1%82%D0%B8%D1%87%D0%BD%D0%B0_%D0%A2%D0%B5%D1%80%D0%B8%D1%82%D0%BE%D1%80%D1%96%D1%8F,Невідомо,немає,Невідомо,австралійський долар ( Класифікація валют (ISO 4217) ),+672
Острови Ашмор і Картьє,https://uk.wikipedia.org/wiki/%D0%9E%D1%81%D1%82%D1%80%D0%BE%D0%B2%D0%B8_%D0%90%D1%88%D0%BC%D0%BE%D1%80_%D1%96_%D0%9A%D0%B0%D1%80%D1%82%D1%8C%D1%94,Невідомо,Невідомо,Невідомо,Невідомо,Невідомо
Японія,https://uk.wikipedia.org/wiki/%D0%AF%D0%BF%D0%BE%D0%BD%D1%96%D1%8F,Невідомо,немає [ ком. 2 ] [ 3 ],Невідомо,Єна (¥) ( JPY ),+81
Шрі-Ланка,https://uk.wikipedia.org/wiki/%D0%A8%D1%80%D1%96-%D0%9B%D0%B0%D0%BD%D0%BA%D0%B0,Невідомо,"сингальська , тамільська",від Британської імперії,Рупія Шрі-Ланки ( LKR ),+94
Швеція,https://uk.wikipedia.org/wiki/%D0%A8%D0%B2%D0%B5%D1%86%D1%96%D1%8F,Невідомо,шведська [ 1 ] [ 2 ],Невідомо,Шведська крона ( SEK ),+46
Ямайка,https://uk.wikipedia.org/wiki/%D0%AF%D0%BC%D0%B0%D0%B9%D0%BA%D0%B0,Невідомо,англійська мова,,Ямайський долар ( JMD ),+876
Чехія,https://uk.wikipedia.org/wiki/%D0%A7%D0%B5%D1%85%D1%96%D1%8F,Невідомо,Чеська,Невідомо,Чеська крона ( CZK ),+420
Центральноафриканська Республіка,https://uk.wikipedia.org/wiki/%D0%A6%D0%B5%D0%BD%D1%82%D1%80%D0%B0%D0%BB%D1%8C%D0%BD%D0%BE%D0%B0%D1%84%D1%80%D0%B8%D0%BA%D0%B0%D0%BD%D1%81%D1%8C%D0%BA%D0%B0_%D0%A0%D0%B5%D1%81%D0%BF%D1%83%D0%B1%D0%BB%D1%96%D0%BA%D0%B0,Невідомо,"Санго , французька",від Франції,Франк КФА ( XAF ),+236
Філіппіни,https://uk.wikipedia.org/wiki/%D0%A4%D1%96%D0%BB%D1%96%D0%BF%D0%BF%D1%96%D0%BD%D0%B8,Невідомо,"Філіппінська , Англійська",від Іспанії та Сполучених Штатів,Філіппінський песо ( РНР ),+63
Швейцарія,https://uk.wikipedia.org/wiki/%D0%A8%D0%B2%D0%B5%D0%B9%D1%86%D0%B0%D1%80%D1%96%D1%8F,Невідомо,"німецька ( швейцарський варіант ), французька , італійська , романшська",Конфедерація 1848 p.,Швейцарський франк ( CHF ),+41
Фінляндія,https://uk.wikipedia.org/wiki/%D0%A4%D1%96%D0%BD%D0%BB%D1%8F%D0%BD%D0%B4%D1%96%D1%8F,Невідомо,"фінська , шведська",Невідомо,Євро ( EUR ),+358
Чад,https://uk.wikipedia.org/wiki/%D0%A7%D0%B0%D0%B4,Невідомо,"Французька , арабська",від Франції,франк CFA ( XAF ),+235
Франція,https://uk.wikipedia.org/wiki/%D0%A4%D1%80%D0%B0%D0%BD%D1%86%D1%96%D1%8F,Невідомо,французька,Невідомо,Євро — € ( EUR ),+33
Фіджі,https://uk.wikipedia.org/wiki/%D0%A4%D1%96%D0%B4%D0%B6%D1%96,Невідомо,"Англійська , фіджійська і фіджійська гінді",від Великої Британії,Долар Фіджі ( FJD ),+679
Хорватія,https://uk.wikipedia.org/wiki/%D0%A5%D0%BE%D1%80%D0%B2%D0%B0%D1%82%D1%96%D1%8F,Невідомо,Хорватська,від СФРЮ,Євро ( EUR ),+385
Узбекистан,https://uk.wikipedia.org/wiki/%D0%A3%D0%B7%D0%B1%D0%B5%D0%BA%D0%B8%D1%81%D1%82%D0%B0%D0%BD,Невідомо,"узбецька , каракалпацька (регіональна)",Невідомо,Узбецький сом ( UZS ),+998
Уругвай,https://uk.wikipedia.org/wiki/%D0%A3%D1%80%D1%83%D0%B3%D0%B2%D0%B0%D0%B9,Невідомо,Іспанська,,Уругвайський песо ( UYU ),+598
Чилі,https://uk.wikipedia.org/wiki/%D0%A7%D0%B8%D0%BB%D1%96,Невідомо,іспанська мова,,Чилійський песо ( CLP ),+56
Туреччина,https://uk.wikipedia.org/wiki/%D0%A2%D1%83%D1%80%D0%B5%D1%87%D1%87%D0%B8%D0%BD%D0%B0,Невідомо,турецька,Невідомо,Турецька ліра ( TRY ),+90
Угорщина,https://uk.wikipedia.org/wiki/%D0%A3%D0%B3%D0%BE%D1%80%D1%89%D0%B8%D0%BD%D0%B0,Невідомо,Угорська мова Угорська мова жестів [ 1 ] [ 2 ],Невідомо,Форинт ( HUF ),+36
Тринідад і Тобаго,https://uk.wikipedia.org/wiki/%D0%A2%D1%80%D0%B8%D0%BD%D1%96%D0%B4%D0%B0%D0%B4_%D1%96_%D0%A2%D0%BE%D0%B1%D0%B0%D0%B3%D0%BE,Невідомо,англійська,,Долар Тринідаду та Тобаго ( TTD ),+868
Україна,https://uk.wikipedia.org/wiki/%D0%A3%D0%BA%D1%80%D0%B0%D1%97%D0%BD%D0%B0,Невідомо,українська,Невідомо,"Гривня , ₴ ( UAH, код 980 )",+380
Того,https://uk.wikipedia.org/wiki/%D0%A2%D0%BE%D0%B3%D0%BE,Невідомо,Французька,,КФА франк BCEAO ( XOF ),+228
Тонга,https://uk.wikipedia.org/wiki/%D0%A2%D0%BE%D0%BD%D0%B3%D0%B0,Невідомо,"тонганська , англійська",від Великої Британії та Австралії,Паанга ( TOP ),+676
Тайвань,https://uk.wikipedia.org/wiki/%D0%A0%D0%B5%D1%81%D0%BF%D1%83%D0%B1%D0%BB%D1%96%D0%BA%D0%B0_%D0%9A%D0%B8%D1%82%D0%B0%D0%B9,Невідомо,Мандаринська (ґоюй 國語 ),Невідомо,Новий тайванський долар (NT$) ( TWD ),+886
Танзанія,https://uk.wikipedia.org/wiki/%D0%A2%D0%B0%D0%BD%D0%B7%D0%B0%D0%BD%D1%96%D1%8F,Невідомо,"Англійська (офіційна), суахілі (національна)",від Великої Британії,Танзанійський шилінг ( TZS ),+255
Тувалу,https://uk.wikipedia.org/wiki/%D0%A2%D1%83%D0%B2%D0%B0%D0%BB%D1%83,Невідомо,"англійська , тувалу",1 жовтня 1978 року (від Великої Британії ),"Долар Тувалу , Австралійський долар ( AUD )",+688
Таджикистан,https://uk.wikipedia.org/wiki/%D0%A2%D0%B0%D0%B4%D0%B6%D0%B8%D0%BA%D0%B8%D1%81%D1%82%D0%B0%D0%BD,Невідомо,"таджицька , російська",Невідомо,Сомоні ( TJS ),+992
Сьєрра-Леоне,https://uk.wikipedia.org/wiki/%D0%A1%D1%8C%D1%94%D1%80%D1%80%D0%B0-%D0%9B%D0%B5%D0%BE%D0%BD%D0%B5,Невідомо,Англійська,,Леоне ( SLL ),+232
Таїланд,https://uk.wikipedia.org/wiki/%D0%A2%D0%B0%D1%97%D0%BB%D0%B0%D0%BD%D0%B4,Невідомо,тайська,Невідомо,Бат ( THB ),+66
Суринам,https://uk.wikipedia.org/wiki/%D0%A1%D1%83%D1%80%D0%B8%D0%BD%D0%B0%D0%BC,Невідомо,нідерландська мова,,Суринамський долар ( SRD ),+597
Туркменістан,https://uk.wikipedia.org/wiki/%D0%A2%D1%83%D1%80%D0%BA%D0%BC%D0%B5%D0%BD%D1%96%D1%81%D1%82%D0%B0%D0%BD,Невідомо,туркменська,Невідомо,Туркменський манат ( TMT ),+993
Східний Тимор,https://uk.wikipedia.org/wiki/%D0%A1%D1%85%D1%96%D0%B4%D0%BD%D0%B8%D0%B9_%D0%A2%D0%B8%D0%BC%D0%BE%D1%80,Невідомо,"Тетум , Португальська 1",від Португалії 2,"Долар США , Східнотиморське сентаво ( USD )",+670
Судан,https://uk.wikipedia.org/wiki/%D0%A1%D1%83%D0%B4%D0%B0%D0%BD,Невідомо,"арабська , англійська",,Суданський фунт ( SDG ),+249
Чорногорія,https://uk.wikipedia.org/wiki/%D0%A7%D0%BE%D1%80%D0%BD%D0%BE%D0%B3%D0%BE%D1%80%D1%96%D1%8F,Невідомо,Чорногорська,,Євро [ 5 ] ( EUR ),+382
Соломонові Острови,https://uk.wikipedia.org/wiki/%D0%A1%D0%BE%D0%BB%D0%BE%D0%BC%D0%BE%D0%BD%D0%BE%D0%B2%D1%96_%D0%9E%D1%81%D1%82%D1%80%D0%BE%D0%B2%D0%B8,Невідомо,англійська,від Великої Британії,Долар Соломонових островів ( SBD ),+677
Сомалі,https://uk.wikipedia.org/wiki/%D0%A1%D0%BE%D0%BC%D0%B0%D0%BB%D1%96,Невідомо,"Сомалійська , арабська",Від Великої Британії та Італії,Сомалійський шилінг ( SOS ),+252
Сполучені Штати Америки,https://uk.wikipedia.org/wiki/%D0%A1%D0%BF%D0%BE%D0%BB%D1%83%D1%87%D0%B5%D0%BD%D1%96_%D0%A8%D1%82%D0%B0%D1%82%D0%B8_%D0%90%D0%BC%D0%B5%D1%80%D0%B8%D0%BA%D0%B8,Невідомо,Де-юре — немає; Де-факто — англійська. див. Мови Сполучених Штатів Америки,,Долар США ( USD ),+1
Словенія,https://uk.wikipedia.org/wiki/%D0%A1%D0%BB%D0%BE%D0%B2%D0%B5%D0%BD%D1%96%D1%8F,Невідомо,словенська,від СФРЮ,Євро ( EUR ),Невідомо
Сербія,https://uk.wikipedia.org/wiki/%D0%A1%D0%B5%D1%80%D0%B1%D1%96%D1%8F,Невідомо,Сербська мова,Невідомо,сербський динар ( RSD ),+381
Словаччина,https://uk.wikipedia.org/wiki/%D0%A1%D0%BB%D0%BE%D0%B2%D0%B0%D1%87%D1%87%D0%B8%D0%BD%D0%B0,Невідомо,словацька,Невідомо,Євро ( EUR ),+421
Сирія,https://uk.wikipedia.org/wiki/%D0%A1%D0%B8%D1%80%D1%96%D1%8F,Невідомо,Арабська,17 квітня 1946 від Франції [ 1 ],Сирійський фунт ( SYP ),+963
Сент-Кіттс і Невіс,https://uk.wikipedia.org/wiki/%D0%A1%D0%B5%D0%BD%D1%82-%D0%9A%D1%96%D1%82%D1%82%D1%81_%D1%96_%D0%9D%D0%B5%D0%B2%D1%96%D1%81,Невідомо,англійська,,Східно-карибський долар ( XCD ),+869
Сент-Люсія,https://uk.wikipedia.org/wiki/%D0%A1%D0%B5%D0%BD%D1%82-%D0%9B%D1%8E%D1%81%D1%96%D1%8F,Невідомо,англійська мова,,Східно-карибський долар ( XCD ),+758
Сейшельські Острови,https://uk.wikipedia.org/wiki/%D0%A1%D0%B5%D0%B9%D1%88%D0%B5%D0%BB%D1%8C%D1%81%D1%8C%D0%BA%D1%96_%D0%9E%D1%81%D1%82%D1%80%D0%BE%D0%B2%D0%B8,Невідомо,"сейшельська , французька , англійська",,Сейшельська рупія ( SCR ),+248
Сент-Вінсент і Гренадини,https://uk.wikipedia.org/wiki/%D0%A1%D0%B5%D0%BD%D1%82-%D0%92%D1%96%D0%BD%D1%81%D0%B5%D0%BD%D1%82_%D1%96_%D0%93%D1%80%D0%B5%D0%BD%D0%B0%D0%B4%D0%B8%D0%BD%D0%B8,Невідомо,англійська мова,,Східно-карибський долар ( XCD ),+784
Сінгапур,https://uk.wikipedia.org/wiki/%D0%A1%D1%96%D0%BD%D0%B3%D0%B0%D0%BF%D1%83%D1%80,Невідомо,Англійська Малайська Мандаринська Тамільська,Невідомо,Сінгапурський долар ( SGD ),+65
Саудівська Аравія,https://uk.wikipedia.org/wiki/%D0%A1%D0%B0%D1%83%D0%B4%D1%96%D0%B2%D1%81%D1%8C%D0%BA%D0%B0_%D0%90%D1%80%D0%B0%D0%B2%D1%96%D1%8F,Невідомо,Арабська,Невідомо,Ріал ( SAR ),+966
Сан-Марино,https://uk.wikipedia.org/wiki/%D0%A1%D0%B0%D0%BD-%D0%9C%D0%B0%D1%80%D0%B8%D0%BD%D0%BE,Невідомо,Італійська,від Римської імперії,євро (€) ( EUR ),+378
Сан-Томе і Принсіпі,https://uk.wikipedia.org/wiki/%D0%A1%D0%B0%D0%BD-%D0%A2%D0%BE%D0%BC%D0%B5_%D1%96_%D0%9F%D1%80%D0%B8%D0%BD%D1%81%D1%96%D0%BF%D1%96,Невідомо,Португальська,від Португалії,Добра ( STD ),+239
Сенегал,https://uk.wikipedia.org/wiki/%D0%A1%D0%B5%D0%BD%D0%B5%D0%B3%D0%B0%D0%BB,Невідомо,Французька,,КФА франк BCEAO ( XOF ),+221
Самоа,https://uk.wikipedia.org/wiki/%D0%A1%D0%B0%D0%BC%D0%BE%D0%B0,Невідомо,"самоанська , англійська",від Нової Зеландії,Самоанська тала ( WST ),+685
Руанда,https://uk.wikipedia.org/wiki/%D0%A0%D1%83%D0%B0%D0%BD%D0%B4%D0%B0,Невідомо,"кіньяруанда , французька , англійська , суахілі",від Бельгії,Руандійський франк ( RWF ),+250
Сальвадор,https://uk.wikipedia.org/wiki/%D0%A1%D0%B0%D0%BB%D1%8C%D0%B2%D0%B0%D0%B4%D0%BE%D1%80,Невідомо,іспанська мова,,"Долар США , Біткойн ( USD, BTC )",+503
Північна Македонія,https://uk.wikipedia.org/wiki/%D0%9F%D1%96%D0%B2%D0%BD%D1%96%D1%87%D0%BD%D0%B0_%D0%9C%D0%B0%D0%BA%D0%B5%D0%B4%D0%BE%D0%BD%D1%96%D1%8F,Невідомо,македонська албанська,від СФРЮ,македонський денар ( MKD ),+389
Румунія,https://uk.wikipedia.org/wiki/%D0%A0%D1%83%D0%BC%D1%83%D0%BD%D1%96%D1%8F,Невідомо,Румунська,Невідомо,Румунський лей ( RON ),+40
Польща,https://uk.wikipedia.org/wiki/%D0%9F%D0%BE%D0%BB%D1%8C%D1%89%D0%B0,Невідомо,Польська 1,Невідомо,Злотий ( PLN ),+ 48
Парагвай,https://uk.wikipedia.org/wiki/%D0%9F%D0%B0%D1%80%D0%B0%D0%B3%D0%B2%D0%B0%D0%B9,Невідомо,"іспанська , гуарані",,Гуарані ( PYG ),+595
Португалія,https://uk.wikipedia.org/wiki/%D0%9F%D0%BE%D1%80%D1%82%D1%83%D0%B3%D0%B0%D0%BB%D1%96%D1%8F,Невідомо,португальська ; мірандська (регіональна),Невідомо,Євро ( EUR ),+351
Перу,https://uk.wikipedia.org/wiki/%D0%9F%D0%B5%D1%80%D1%83,Невідомо,"Іспанська , кечуа , аймара",,Перуанський соль ( PEN ),+51
Росія,https://uk.wikipedia.org/wiki/%D0%A0%D0%BE%D1%81%D1%96%D1%8F,Невідомо,Російська ; 30 мов офіційні у низці регіонів,Невідомо,рубль ( RUB ),+7
Південно-Африканська Республіка,https://uk.wikipedia.org/wiki/%D0%9F%D1%96%D0%B2%D0%B4%D0%B5%D0%BD%D0%BD%D0%BE-%D0%90%D1%84%D1%80%D0%B8%D0%BA%D0%B0%D0%BD%D1%81%D1%8C%D0%BA%D0%B0_%D0%A0%D0%B5%D1%81%D0%BF%D1%83%D0%B1%D0%BB%D1%96%D0%BA%D0%B0,Невідомо,"Англійська , африкаанс , південна ндебеле , коса , зулу , північна сото , південна сото , сетсвана , свазі , венда , тсонга",31 травня 1961,Ранд ( ZAR ),+27
Палау,https://uk.wikipedia.org/wiki/%D0%9F%D0%B0%D0%BB%D0%B0%D1%83,Невідомо,"англійська , палауська , японська , тобійська , сонсорольська",,Долар США ( USD ),+ 680
Туніс,https://uk.wikipedia.org/wiki/%D0%A2%D1%83%D0%BD%D1%96%D1%81,Невідомо,Арабська,,Туніський динар ( TND ),+216
Папуа Нова Гвінея,https://uk.wikipedia.org/wiki/%D0%9F%D0%B0%D0%BF%D1%83%D0%B0_%D0%9D%D0%BE%D0%B2%D0%B0_%D0%93%D0%B2%D1%96%D0%BD%D0%B5%D1%8F,Невідомо,"англійська , ток-пісін , гірі-моту",від Австралії,кіна ( PGK ),+675
Палестина,https://uk.wikipedia.org/wiki/%D0%9F%D0%B0%D0%BB%D0%B5%D1%81%D1%82%D0%B8%D0%BD%D1%81%D1%8C%D0%BA%D0%B0_%D0%B4%D0%B5%D1%80%D0%B6%D0%B0%D0%B2%D0%B0,Невідомо,Арабська,від Ізраїля,Ізраїльський новий шекель ( Класифікація валют (ISO 4217) ),+970
Південний Судан,https://uk.wikipedia.org/wiki/%D0%9F%D1%96%D0%B2%D0%B4%D0%B5%D0%BD%D0%BD%D0%B8%D0%B9_%D0%A1%D1%83%D0%B4%D0%B0%D0%BD,Невідомо,"англійська , арабська",Невідомо,Південносуданський фунт ( Класифікація валют (ISO 4217) ),+211 [ 2 ]
Панама,https://uk.wikipedia.org/wiki/%D0%9F%D0%B0%D0%BD%D0%B0%D0%BC%D0%B0,Невідомо,іспанська мова,,"Бальбоа , Долар США ( PAB, USD )",+507
Оман,https://uk.wikipedia.org/wiki/%D0%9E%D0%BC%D0%B0%D0%BD,Невідомо,Арабська,,Оманський ріал ( OMR ),+968
Норвегія,https://uk.wikipedia.org/wiki/%D0%9D%D0%BE%D1%80%D0%B2%D0%B5%D0%B3%D1%96%D1%8F,Невідомо,"норвезька , саамська",Невідомо,Норвезька крона ( NOK ),+47
Німеччина,https://uk.wikipedia.org/wiki/%D0%9D%D1%96%D0%BC%D0%B5%D1%87%D1%87%D0%B8%D0%BD%D0%B0,Невідомо,німецька 1,Невідомо,Євро ( € ) ( EUR ),+49
Нікарагуа,https://uk.wikipedia.org/wiki/%D0%9D%D1%96%D0%BA%D0%B0%D1%80%D0%B0%D0%B3%D1%83%D0%B0,Невідомо,іспанська мова,,Кордоба ( NIO ),+505
Об'єднані Арабські Емірати,https://uk.wikipedia.org/wiki/%D0%9E%D0%B1%27%D1%94%D0%B4%D0%BD%D0%B0%D0%BD%D1%96_%D0%90%D1%80%D0%B0%D0%B1%D1%81%D1%8C%D0%BA%D1%96_%D0%95%D0%BC%D1%96%D1%80%D0%B0%D1%82%D0%B8,Невідомо,Арабська,Невідомо,Дирхам ( AED ),+971
Пакистан,https://uk.wikipedia.org/wiki/%D0%9F%D0%B0%D0%BA%D0%B8%D1%81%D1%82%D0%B0%D0%BD,Невідомо,"урду , англійська",Невідомо,Рупія ( PKR ),+92
Нідерланди,https://uk.wikipedia.org/wiki/%D0%9D%D1%96%D0%B4%D0%B5%D1%80%D0%BB%D0%B0%D0%BD%D0%B4%D0%B8,Невідомо,"нідерландська , західнофризька мова (друга офіційна, тільки в провінції Фрисландія)",,Євро ( EUR ),+31
Нігерія,https://uk.wikipedia.org/wiki/%D0%9D%D1%96%D0%B3%D0%B5%D1%80%D1%96%D1%8F,Невідомо,Англійська,від Великої Британії,Найра (₦) ( NGN ),+234
Нова Зеландія,https://uk.wikipedia.org/wiki/%D0%9D%D0%BE%D0%B2%D0%B0_%D0%97%D0%B5%D0%BB%D0%B0%D0%BD%D0%B4%D1%96%D1%8F,Невідомо,Англійська 3 Маорі NZ мова жестів,від Великої Британії,Новозеландський долар ( NZD ),+64
Нігер,https://uk.wikipedia.org/wiki/%D0%9D%D1%96%D0%B3%D0%B5%D1%80,Невідомо,Французька,від Франції,франк КФА ( XOF ),+227
Науру,https://uk.wikipedia.org/wiki/%D0%9D%D0%B0%D1%83%D1%80%D1%83,Невідомо,Науруанська,від Великої Британії та Австралії,Австралійський долар ( AUD ),+674
Монголія,https://uk.wikipedia.org/wiki/%D0%9C%D0%BE%D0%BD%D0%B3%D0%BE%D0%BB%D1%96%D1%8F,Невідомо,Монгольська,Невідомо,Тугрик ( MNT ),+976
Намібія,https://uk.wikipedia.org/wiki/%D0%9D%D0%B0%D0%BC%D1%96%D0%B1%D1%96%D1%8F,Невідомо,англійська,від ПАР,Намібійський долар ( NAD ),+264
Монако,https://uk.wikipedia.org/wiki/%D0%9C%D0%BE%D0%BD%D0%B0%D0%BA%D0%BE,Невідомо,французька,,Євро ( EUR ),+377
М'янма,https://uk.wikipedia.org/wiki/%D0%9C%27%D1%8F%D0%BD%D0%BC%D0%B0,Невідомо,бірманська,4 січня 1948,м'янмський к'ят ( Класифікація валют (ISO 4217) ),+95
Непал,https://uk.wikipedia.org/wiki/%D0%9D%D0%B5%D0%BF%D0%B0%D0%BB,Невідомо,непальська,Невідомо,Непальська рупія ( Класифікація валют (ISO 4217) ),+977
Мікронезія,https://uk.wikipedia.org/wiki/%D0%A4%D0%B5%D0%B4%D0%B5%D1%80%D0%B0%D1%82%D0%B8%D0%B2%D0%BD%D1%96_%D0%A8%D1%82%D0%B0%D1%82%D0%B8_%D0%9C%D1%96%D0%BA%D1%80%D0%BE%D0%BD%D0%B5%D0%B7%D1%96%D1%97,Невідомо,"англійська (державна), улітійська , волеаянська , япська , понпейська , косрае та чуукська (на місцевому рівні)",від США,Долар США ( USD ),+691
Мексика,https://uk.wikipedia.org/wiki/%D0%9C%D0%B5%D0%BA%D1%81%D0%B8%D0%BA%D0%B0,Невідомо,іспанська мова,,Мексиканський песо ( MXN ),+52
Мозамбік,https://uk.wikipedia.org/wiki/%D0%9C%D0%BE%D0%B7%D0%B0%D0%BC%D0%B1%D1%96%D0%BA,Невідомо,Португальська,,метікал (Mt) ( MZM ),+258
Молдова,https://uk.wikipedia.org/wiki/%D0%9C%D0%BE%D0%BB%D0%B4%D0%BE%D0%B2%D0%B0,Невідомо,румунська [ 1 ] [ 2 ] [ 3 ] [ 4 ],Невідомо,Лей ( MDL ),+373
Мальта,https://uk.wikipedia.org/wiki/%D0%9C%D0%B0%D0%BB%D1%8C%D1%82%D0%B0,Невідомо,"мальтійська , англійська",від Великої Британії,Євро ( EUR ),+356
Марокко,https://uk.wikipedia.org/wiki/%D0%9C%D0%B0%D1%80%D0%BE%D0%BA%D0%BA%D0%BE,Невідомо,"арабська , берберська . Населення використовує французьку (60 %), арабську (30 %) та іспанську (5 %).",,Марокканський дирхам ( MAD ),+212
Маршаллові Острови,https://uk.wikipedia.org/wiki/%D0%9C%D0%B0%D1%80%D1%88%D0%B0%D0%BB%D0%BB%D0%BE%D0%B2%D1%96_%D0%9E%D1%81%D1%82%D1%80%D0%BE%D0%B2%D0%B8,Невідомо,"маршалезька , англійська",,долар США ( USD ),+692
Мальдіви,https://uk.wikipedia.org/wiki/%D0%9C%D0%B0%D0%BB%D1%8C%D0%B4%D1%96%D0%B2%D0%B8,Невідомо,мальдівська,26 липня 1965,Мальдівська руфія ( Класифікація валют (ISO 4217) ),+960
Малаві,https://uk.wikipedia.org/wiki/%D0%9C%D0%B0%D0%BB%D0%B0%D0%B2%D1%96,Невідомо,Англійська (офіційна) Ньянджа (національна),від Великої Британії,Малавійська квача (D) ( MWK ),+265
Люксембург,https://uk.wikipedia.org/wiki/%D0%9B%D1%8E%D0%BA%D1%81%D0%B5%D0%BC%D0%B1%D1%83%D1%80%D0%B3,Невідомо,"люксембурзька , німецька і французька",від Французької імперії,Євро ( EUR ),+352
Малі,https://uk.wikipedia.org/wiki/%D0%9C%D0%B0%D0%BB%D1%96,Невідомо,"Бамана , сонінке , хасанія , бому , тамашек , сонхай , фульфульде , бозо , манінканкан , догон , сієнара , мамара та хасонгаксанго",від Франції,КФА франк BCEAO ( XOF ),+223
Маврикій,https://uk.wikipedia.org/wiki/%D0%9C%D0%B0%D0%B2%D1%80%D0%B8%D0%BA%D1%96%D0%B9,Невідомо,"Англійська , французька , маврикійська креольська",від Великої Британії,Маврикійська рупія ( MUR ),+230
Малайзія,https://uk.wikipedia.org/wiki/%D0%9C%D0%B0%D0%BB%D0%B0%D0%B9%D0%B7%D1%96%D1%8F,Невідомо,Малайська,,Ринґіт (RM) ( MYR ),+60
Ліхтенштейн,https://uk.wikipedia.org/wiki/%D0%9B%D1%96%D1%85%D1%82%D0%B5%D0%BD%D1%88%D1%82%D0%B5%D0%B9%D0%BD,Невідомо,Німецька,,Швейцарський франк ( CHF ),+423
Лівія,https://uk.wikipedia.org/wiki/%D0%9B%D1%96%D0%B2%D1%96%D1%8F,Невідомо,Арабська,,Лівійський динар ( LYD ),+218
Литва,https://uk.wikipedia.org/wiki/%D0%9B%D0%B8%D1%82%D0%B2%D0%B0,Невідомо,литовська,Невідомо,Лит → Євро (з 1 січня 2015 ) ( LTL → EUR ),+370
Ліберія,https://uk.wikipedia.org/wiki/%D0%9B%D1%96%D0%B1%D0%B5%D1%80%D1%96%D1%8F,Невідомо,Англійська,Невідомо,Ліберійський долар ( LRD ),+231
Мавританія,https://uk.wikipedia.org/wiki/%D0%9C%D0%B0%D0%B2%D1%80%D0%B8%D1%82%D0%B0%D0%BD%D1%96%D1%8F,Невідомо,"Стандартна арабська , французька",від Франції,Мавританська угія ( MRO ),+222
Мадагаскар,https://uk.wikipedia.org/wiki/%D0%9C%D0%B0%D0%B4%D0%B0%D0%B3%D0%B0%D1%81%D0%BA%D0%B0%D1%80,Невідомо,"Малагасійська , французька",від Франції,Малаґасійський аріарі ( MGA ),+261
Латвія,https://uk.wikipedia.org/wiki/%D0%9B%D0%B0%D1%82%D0%B2%D1%96%D1%8F,Невідомо,Латиська,Невідомо,Євро ( EUR ),+371
Лаос,https://uk.wikipedia.org/wiki/%D0%9B%D0%B0%D0%BE%D1%81,Невідомо,лаоська,від Франції,Лаоський кіп (складається зі 100 атів) ( LAK ),+856
Лесото,https://uk.wikipedia.org/wiki/%D0%9B%D0%B5%D1%81%D0%BE%D1%82%D0%BE,Невідомо,"Сесото , Англійська",,Лоті ( LSL ),+266
Ліван,https://uk.wikipedia.org/wiki/%D0%9B%D1%96%D0%B2%D0%B0%D0%BD,Невідомо,Арабська,Невідомо,Ліванський фунт ( LBP ),+961
Коста-Рика,https://uk.wikipedia.org/wiki/%D0%9A%D0%BE%D1%81%D1%82%D0%B0-%D0%A0%D0%B8%D0%BA%D0%B0,Невідомо,іспанська мова,,Костариканський колон ( CRC ),+506
Кувейт,https://uk.wikipedia.org/wiki/%D0%9A%D1%83%D0%B2%D0%B5%D0%B9%D1%82,Невідомо,Арабська,,Кувейтський динар ( KWD ),+965
Республіка Конго,https://uk.wikipedia.org/wiki/%D0%A0%D0%B5%D1%81%D0%BF%D1%83%D0%B1%D0%BB%D1%96%D0%BA%D0%B0_%D0%9A%D0%BE%D0%BD%D0%B3%D0%BE,Невідомо,Французька,від Франції,КФА франк BEAC ( XAF ),+242
Південна Корея,https://uk.wikipedia.org/wiki/%D0%9F%D1%96%D0%B2%D0%B4%D0%B5%D0%BD%D0%BD%D0%B0_%D0%9A%D0%BE%D1%80%D0%B5%D1%8F,Невідомо,корейська ( pyojuneo [en] ) корейська жестова мова [en] [ 2 ],Невідомо,Південнокорейська вона (₩) ( KRW ),+82
Косово,https://uk.wikipedia.org/wiki/%D0%9A%D0%BE%D1%81%D0%BE%D0%B2%D0%BE,Невідомо,"албанська , сербська Мови національних меншин: турецька , ґоранська, циганська , боснійська",Невідомо,євро ( EUR ),+383
Куба,https://uk.wikipedia.org/wiki/%D0%9A%D1%83%D0%B1%D0%B0,Невідомо,іспанська мова,,Кубинський песо ( CUP ),+53
ДР Конго,https://uk.wikipedia.org/wiki/%D0%94%D0%B5%D0%BC%D0%BE%D0%BA%D1%80%D0%B0%D1%82%D0%B8%D1%87%D0%BD%D0%B0_%D0%A0%D0%B5%D1%81%D0%BF%D1%83%D0%B1%D0%BB%D1%96%D0%BA%D0%B0_%D0%9A%D0%BE%D0%BD%D0%B3%D0%BE,Невідомо,Французька,,Конголезький франк ( CDF ),+243
Колумбія,https://uk.wikipedia.org/wiki/%D0%9A%D0%BE%D0%BB%D1%83%D0%BC%D0%B1%D1%96%D1%8F,Невідомо,іспанська мова,,Колумбійський песо ( COP ),+57
Кот-д'Івуар,https://uk.wikipedia.org/wiki/%D0%9A%D0%BE%D1%82-%D0%B4%27%D0%86%D0%B2%D1%83%D0%B0%D1%80,Невідомо,Французька,від Франції,КФА франк BCEAO ( XOF ),Невідомо
Північна Корея,https://uk.wikipedia.org/wiki/%D0%9F%D1%96%D0%B2%D0%BD%D1%96%D1%87%D0%BD%D0%B0_%D0%9A%D0%BE%D1%80%D0%B5%D1%8F,Невідомо,Корейська,Невідомо,Північнокорейська вона (₩) ( KPW ),+850
Кіпр,https://uk.wikipedia.org/wiki/%D0%9A%D1%96%D0%BF%D1%80,Невідомо,"грецька , турецька [ 1 ]",Невідомо,євро ( EUR 7 ),+357 6
Китай,https://uk.wikipedia.org/wiki/%D0%9A%D0%B8%D1%82%D0%B0%D0%B9%D1%81%D1%8C%D0%BA%D0%B0_%D0%9D%D0%B0%D1%80%D0%BE%D0%B4%D0%BD%D0%B0_%D0%A0%D0%B5%D1%81%D0%BF%D1%83%D0%B1%D0%BB%D1%96%D0%BA%D0%B0,Невідомо,китайська (державна мова) монгольська уйгурська тибетська чжуанська інші (визнані регіональні) 2,Невідомо,Юань (RMB¥) 4 ( CNY ),+86 4
Коморські Острови,https://uk.wikipedia.org/wiki/%D0%9A%D0%BE%D0%BC%D0%BE%D1%80%D1%81%D1%8C%D0%BA%D1%96_%D0%9E%D1%81%D1%82%D1%80%D0%BE%D0%B2%D0%B8,Невідомо,"Коморська , Арабська , Французька",від Франції,Коморський франк ( KMF ),+269
Камерун,https://uk.wikipedia.org/wiki/%D0%9A%D0%B0%D0%BC%D0%B5%D1%80%D1%83%D0%BD,Невідомо,"Англійська , французька",від Франції і Великої Британії,франк КФА ( XAF ),+237
Киргизстан,https://uk.wikipedia.org/wiki/%D0%9A%D0%B8%D1%80%D0%B3%D0%B8%D0%B7%D1%81%D1%82%D0%B0%D0%BD,Невідомо,Киргизька (державна) Російська (офіційна),Невідомо,Сом ( KGS ),+996
Катар,https://uk.wikipedia.org/wiki/%D0%9A%D0%B0%D1%82%D0%B0%D1%80,Невідомо,Арабська,,Ріал ( QAR ),+974
Канада,https://uk.wikipedia.org/wiki/%D0%9A%D0%B0%D0%BD%D0%B0%D0%B4%D0%B0,Невідомо,"англійська мова , французька мова",Канадська конфедерація,Канадський долар ( CAD ),+1
Камбоджа,https://uk.wikipedia.org/wiki/%D0%9A%D0%B0%D0%BC%D0%B1%D0%BE%D0%B4%D0%B6%D0%B0,Невідомо,Кхмерська,від Французької республіки,Камбоджійський рієль (៛) 1 ( KHR ),+855
Кенія,https://uk.wikipedia.org/wiki/%D0%9A%D0%B5%D0%BD%D1%96%D1%8F,Невідомо,"кісуахілі , англійська",від Великої Британії,Кенійський шилінг ( KES ),+254
Кірибаті,https://uk.wikipedia.org/wiki/%D0%9A%D1%96%D1%80%D0%B8%D0%B1%D0%B0%D1%82%D1%96,Невідомо,"кірибаті , англійська",,Австралійський долар ( AUD ),+686
Кабо-Верде,https://uk.wikipedia.org/wiki/%D0%9A%D0%B0%D0%B1%D0%BE-%D0%92%D0%B5%D1%80%D0%B4%D0%B5,Невідомо,Португальська,від Португалії,Ескудо Кабо-Верде ( CVE ),+238
Ірландія,https://uk.wikipedia.org/wiki/%D0%86%D1%80%D0%BB%D0%B0%D0%BD%D0%B4%D1%96%D1%8F,Невідомо,"ірландська , англійська",від Сполученого Королівства Великої Британії та Ірландії,Євро 1 ( EUR ),+353
Ісландія,https://uk.wikipedia.org/wiki/%D0%86%D1%81%D0%BB%D0%B0%D0%BD%D0%B4%D1%96%D1%8F,Невідомо,Ісландська мова Ісландська мова жестів [ 1 ] [ 2 ],від Королівства Данія,Ісландська крона ( ISK ),+354
Іран,https://uk.wikipedia.org/wiki/%D0%86%D1%80%D0%B0%D0%BD,Невідомо,Перська (фарсі),,Іранський ріал ( IRR ),+98
Казахстан,https://uk.wikipedia.org/wiki/%D0%9A%D0%B0%D0%B7%D0%B0%D1%85%D1%81%D1%82%D0%B0%D0%BD,Невідомо,"Казахська , Російська",Невідомо,Тенге ( KZT ),+7
Йорданія,https://uk.wikipedia.org/wiki/%D0%99%D0%BE%D1%80%D0%B4%D0%B0%D0%BD%D1%96%D1%8F,Невідомо,Арабська,,Йорданський динар ( JOD ),+962
Італія,https://uk.wikipedia.org/wiki/%D0%86%D1%82%D0%B0%D0%BB%D1%96%D1%8F,Невідомо,Італійська,Невідомо,€ Євро ( EUR ),+39
Іспанія,https://uk.wikipedia.org/wiki/%D0%86%D1%81%D0%BF%D0%B0%D0%BD%D1%96%D1%8F,Невідомо,іспанська,Невідомо,Євро ( EUR ),+34
Зімбабве,https://uk.wikipedia.org/wiki/%D0%97%D1%96%D0%BC%D0%B1%D0%B0%D0%B1%D0%B2%D0%B5,Невідомо,"Шона , Ісіндебеле , Англійська",,Долар США ( ZWD ),+263
Індонезія,https://uk.wikipedia.org/wiki/%D0%86%D0%BD%D0%B4%D0%BE%D0%BD%D0%B5%D0%B7%D1%96%D1%8F,Невідомо,Індонезійська,від Нідерландів,рупія ( IDR ),+62
Ізраїль,https://uk.wikipedia.org/wiki/%D0%86%D0%B7%D1%80%D0%B0%D1%97%D0%BB%D1%8C,Невідомо,"Іврит , арабська мова [ 9 ] [ 10 ]",,Ізраїльський новий шекель ( ILS ),+972
Індія,https://uk.wikipedia.org/wiki/%D0%86%D0%BD%D0%B4%D1%96%D1%8F,Невідомо,Гінді та англійська,15 серпня 1947,Індійська рупія ( INR ),+91
Замбія,https://uk.wikipedia.org/wiki/%D0%97%D0%B0%D0%BC%D0%B1%D1%96%D1%8F,Невідомо,Англійська,від Великої Британії,Замбійська квача ( ZMW ),+260
Західна Сахара,https://uk.wikipedia.org/wiki/%D0%97%D0%B0%D1%85%D1%96%D0%B4%D0%BD%D0%B0_%D0%A1%D0%B0%D1%85%D0%B0%D1%80%D0%B0,Ель-Аюн,Невідомо,Невідомо,Марокканський дирхам Сахравійська песета,Невідомо
Ірак,https://uk.wikipedia.org/wiki/%D0%86%D1%80%D0%B0%D0%BA,Невідомо,"Арабська , Курдська",,Іракський динар ( IQD ),+964
Есватіні,https://uk.wikipedia.org/wiki/%D0%95%D1%81%D0%B2%D0%B0%D1%82%D1%96%D0%BD%D1%96,Невідомо,"свазі , англійська",,Ліланджені ( SZL ),+268
Ефіопія,https://uk.wikipedia.org/wiki/%D0%95%D1%84%D1%96%D0%BE%D0%BF%D1%96%D1%8F,Невідомо,Амхарська мова,X ст. до н.е.,Ефіопський бир ( ETB ),+251
Єгипет,https://uk.wikipedia.org/wiki/%D0%84%D0%B3%D0%B8%D0%BF%D0%B5%D1%82,Невідомо,Арабська,28 лютого 1922,Єгипетський фунт ( EGP ),+20
Еритрея,https://uk.wikipedia.org/wiki/%D0%95%D1%80%D0%B8%D1%82%D1%80%D0%B5%D1%8F,Невідомо,"немає; фактично: тигринья та арабська , в меншій мірі: англійська та італійська",від Ефіопії,Накфа ( ERN ),+291
Екваторіальна Гвінея,https://uk.wikipedia.org/wiki/%D0%95%D0%BA%D0%B2%D0%B0%D1%82%D0%BE%D1%80%D1%96%D0%B0%D0%BB%D1%8C%D0%BD%D0%B0_%D0%93%D0%B2%D1%96%D0%BD%D0%B5%D1%8F,Невідомо,"іспанська [ 1 ] , португальська [ 2 ]",12 жовтня 1968 р. (від Іспанії ),африканський франк ( [[Класифікація валют (ISO 4217)| XAF ]] ),+240
Еквадор,https://uk.wikipedia.org/wiki/%D0%95%D0%BA%D0%B2%D0%B0%D0%B4%D0%BE%D1%80,Невідомо,іспанська мова,,"Еквадорський сукре (до 2000 ), Долар США ( USD )",+593
Естонія,https://uk.wikipedia.org/wiki/%D0%95%D1%81%D1%82%D0%BE%D0%BD%D1%96%D1%8F,Невідомо,естонська,Невідомо,євро ( EUR ),+372
Домініканська Республіка,https://uk.wikipedia.org/wiki/%D0%94%D0%BE%D0%BC%D1%96%D0%BD%D1%96%D0%BA%D0%B0%D0%BD%D1%81%D1%8C%D0%BA%D0%B0_%D0%A0%D0%B5%D1%81%D0%BF%D1%83%D0%B1%D0%BB%D1%96%D0%BA%D0%B0,Невідомо,іспанська мова,,Домініканський песо ( DOP ),+809
Ємен,https://uk.wikipedia.org/wiki/%D0%84%D0%BC%D0%B5%D0%BD,Невідомо,Арабська,Невідомо,Єменський ріал ( YER ),+967
Грузія,https://uk.wikipedia.org/wiki/%D0%93%D1%80%D1%83%D0%B7%D1%96%D1%8F,Невідомо,грузинська,Невідомо,ларі ( ) ( GEL ),+995
Данія,https://uk.wikipedia.org/wiki/%D0%94%D0%B0%D0%BD%D1%96%D1%8F,Невідомо,данська,Невідомо,Данська крона ( DKK ),+45
Домініка,https://uk.wikipedia.org/wiki/%D0%94%D0%BE%D0%BC%D1%96%D0%BD%D1%96%D0%BA%D0%B0,Невідомо,англійська мова,,Східно-карибський долар ( XCD ),+1 767
Джибуті,https://uk.wikipedia.org/wiki/%D0%94%D0%B6%D0%B8%D0%B1%D1%83%D1%82%D1%96,Невідомо,Арабська та Французька,від Франції,Джибутійський франк ( DJF ),+253
Гренада,https://uk.wikipedia.org/wiki/%D0%93%D1%80%D0%B5%D0%BD%D0%B0%D0%B4%D0%B0,Невідомо,англійська мова,,Східно-карибський долар ( XCD ),+473
Гватемала,https://uk.wikipedia.org/wiki/%D0%93%D0%B2%D0%B0%D1%82%D0%B5%D0%BC%D0%B0%D0%BB%D0%B0,Невідомо,іспанська мова,,Кетсаль ( GTQ ),+502
Гондурас,https://uk.wikipedia.org/wiki/%D0%93%D0%BE%D0%BD%D0%B4%D1%83%D1%80%D0%B0%D1%81,Невідомо,іспанська мова,,Лемпіра ( HNL ),+504
Гвінея-Бісау,https://uk.wikipedia.org/wiki/%D0%93%D0%B2%D1%96%D0%BD%D0%B5%D1%8F-%D0%91%D1%96%D1%81%D0%B0%D1%83,Невідомо,Португальська,від Португалії,КФА франк BCEAO ( XOF ),+245
Гаяна,https://uk.wikipedia.org/wiki/%D0%93%D0%B0%D1%8F%D0%BD%D0%B0,Невідомо,англійська,,Гаянський долар ( GYD ),+592
Гвінея,https://uk.wikipedia.org/wiki/%D0%93%D0%B2%D1%96%D0%BD%D0%B5%D1%8F,Невідомо,Французька,,Гвінейський франк ( GNF ),+224
В'єтнам,https://uk.wikipedia.org/wiki/%D0%92%27%D1%94%D1%82%D0%BD%D0%B0%D0%BC,Невідомо,В'єтнамська,,Донг (₫) ( VND ),+84
Гана,https://uk.wikipedia.org/wiki/%D0%93%D0%B0%D0%BD%D0%B0,Невідомо,англійська,Невідомо,Седі ( GHC ),+233
Греція,https://uk.wikipedia.org/wiki/%D0%93%D1%80%D0%B5%D1%86%D1%96%D1%8F,Невідомо,Грецька,від Османської імперії,Євро ( EUR ),+30
Гамбія,https://uk.wikipedia.org/wiki/%D0%93%D0%B0%D0%BC%D0%B1%D1%96%D1%8F,Невідомо,Англійська,,Даласі ( GMD ),+220
Гаїті,https://uk.wikipedia.org/wiki/%D0%93%D0%B0%D1%97%D1%82%D1%96,Невідомо,"Французька , гаїтянська креольська",,Ґурд ( HTG ),+509
Вірменія,https://uk.wikipedia.org/wiki/%D0%92%D1%96%D1%80%D0%BC%D0%B5%D0%BD%D1%96%D1%8F,Невідомо,Вірменська,Невідомо,Драм ( AMD ),+374
Габон,https://uk.wikipedia.org/wiki/%D0%93%D0%B0%D0%B1%D0%BE%D0%BD,Невідомо,французька,,Франк КФА ( XAF ),+241
Ватикан,https://uk.wikipedia.org/wiki/%D0%92%D0%B0%D1%82%D0%B8%D0%BA%D0%B0%D0%BD,Невідомо,"італійська , Латина",від Королівства Італія,Euro (€) 3 ( EUR ),+39 (Італія)
Вануату,https://uk.wikipedia.org/wiki/%D0%92%D0%B0%D0%BD%D1%83%D0%B0%D1%82%D1%83,Невідомо,"біслама , англійська , французька",від Франції та Великої Британії,Вануатійський вату ( VUV ),++678
Бутан,https://uk.wikipedia.org/wiki/%D0%91%D1%83%D1%82%D0%B0%D0%BD,Невідомо,дзонг-ке,від Індії,Нгултрум ( BTN ),+975
Бурунді,https://uk.wikipedia.org/wiki/%D0%91%D1%83%D1%80%D1%83%D0%BD%D0%B4%D1%96,Невідомо,"Французька , Кірунді , Англійська",від Бельгії,Бурундійський франк (FBu) ( BIF ),+257
Велика Британія,https://uk.wikipedia.org/wiki/%D0%92%D0%B5%D0%BB%D0%B8%D0%BA%D0%B0_%D0%91%D1%80%D0%B8%D1%82%D0%B0%D0%BD%D1%96%D1%8F,Невідомо,англійська,Невідомо,Фунт стерлінгів ( GBP ),+44
Афганістан,https://uk.wikipedia.org/wiki/%D0%90%D1%84%D0%B3%D0%B0%D0%BD%D1%96%D1%81%D1%82%D0%B0%D0%BD,Невідомо,"пушту , дарі",,Афгані ( AFN ),+93
Антигуа і Барбуда,https://uk.wikipedia.org/wiki/%D0%90%D0%BD%D1%82%D0%B8%D0%B3%D1%83%D0%B0_%D1%96_%D0%91%D0%B0%D1%80%D0%B1%D1%83%D0%B4%D0%B0,Невідомо,англійська мова,,Східно-Карибський долар ( XCD ),+268-1-268
Венесуела,https://uk.wikipedia.org/wiki/%D0%92%D0%B5%D0%BD%D0%B5%D1%81%D1%83%D0%B5%D0%BB%D0%B0,Невідомо,іспанська мова,,Венесуельський болівар ( VEB ),+58
Алжир,https://uk.wikipedia.org/wiki/%D0%90%D0%BB%D0%B6%D0%B8%D1%80,Невідомо,Арабська і берберська,Невідомо,Алжирський динар ( DZD ),+213
Андорра,https://uk.wikipedia.org/wiki/%D0%90%D0%BD%D0%B4%D0%BE%D1%80%D1%80%D0%B0,Невідомо,Каталонська,,Євро (€) 1 ( EUR ),+376
Австрія,https://uk.wikipedia.org/wiki/%D0%90%D0%B2%D1%81%D1%82%D1%80%D1%96%D1%8F,Невідомо,Австрійський варіант німецької мови,,Євро ( EUR ),+43
Ангола,https://uk.wikipedia.org/wiki/%D0%90%D0%BD%D0%B3%D0%BE%D0%BB%D0%B0,Невідомо,"Португальська (офіційна), кіконго , півн і півд мбунду (національні)",від Португалії,Ангольська кванза ( AOA ),+244
Азербайджан,https://uk.wikipedia.org/wiki/%D0%90%D0%B7%D0%B5%D1%80%D0%B1%D0%B0%D0%B9%D0%B4%D0%B6%D0%B0%D0%BD,Невідомо,азербайджанська,Невідомо,Манат ( AZN ),+994
Аргентина,https://uk.wikipedia.org/wiki/%D0%90%D1%80%D0%B3%D0%B5%D0%BD%D1%82%D0%B8%D0%BD%D0%B0,Невідомо,іспанська мова,від Іспанії,Аргентинський песо ( ARS ),+54
Албанія,https://uk.wikipedia.org/wiki/%D0%90%D0%BB%D0%B1%D0%B0%D0%BD%D1%96%D1%8F,Невідомо,албанська,Від Османської імперії,Албанський лек ( ALL ),+355
Уганда,https://uk.wikipedia.org/wiki/%D0%A3%D0%B3%D0%B0%D0%BD%D0%B4%D0%B0,Невідомо,"Англійська , суахілі",від Великої Британії,Угандійський шилінг ( UGX ),+256
Країна,URL,Столиця,Офіційні мови,Незалежність,Валюта,Телефонний код
Австралія,https://uk.wikipedia.org/wiki/%D0%90%D0%B2%D1%81%D1%82%D1%80%D0%B0%D0%BB%D1%96%D1%8F,Канберра,Невідомо,Невідомо,Невідомо,Невідомо
Вануату,https://uk.wikipedia.org/wiki/%D0%92%D0%B0%D0%BD%D1%83%D0%B0%D1%82%D1%83,Порт-Віла,Невідомо,Невідомо,Невідомо,Невідомо
Буркіна-Фасо,https://uk.wikipedia.org/wiki/%D0%91%D1%83%D1%80%D0%BA%D1%96%D0%BD%D0%B0-%D0%A4%D0%B0%D1%81%D0%BE,Невідомо,Невідомо,Невідомо,Невідомо,Невідомо
Бруней,https://uk.wikipedia.org/wiki/%D0%91%D1%80%D1%83%D0%BD%D0%B5%D0%B9,Невідомо,Невідомо,Невідомо,Невідомо,Невідомо
Ватикан,https://uk.wikipedia.org/wiki/%D0%92%D0%B0%D1%82%D0%B8%D0%BA%D0%B0%D0%BD,41°54′ пн. ш. 12°27′ сх. д.,Невідомо,Невідомо,Невідомо,Невідомо
Бурунді,https://uk.wikipedia.org/wiki/%D0%91%D1%83%D1%80%D1%83%D0%BD%D0%B4%D1%96,Гітега,Невідомо,Невідомо,Невідомо,Невідомо
Бутан,https://uk.wikipedia.org/wiki/%D0%91%D1%83%D1%82%D0%B0%D0%BD,Невідомо,Невідомо,Невідомо,Невідомо,Невідомо
Венесуела,https://uk.wikipedia.org/wiki/%D0%92%D0%B5%D0%BD%D0%B5%D1%81%D1%83%D0%B5%D0%BB%D0%B0,Невідомо,Невідомо,Невідомо,Невідомо,Невідомо
Велика Британія,https://uk.wikipedia.org/wiki/%D0%92%D0%B5%D0%BB%D0%B8%D0%BA%D0%B0_%D0%91%D1%80%D0%B8%D1%82%D0%B0%D0%BD%D1%96%D1%8F,Невідомо,Невідомо,Невідомо,Невідомо,Невідомо
Болівія,https://uk.wikipedia.org/wiki/%D0%91%D0%BE%D0%BB%D1%96%D0%B2%D1%96%D1%8F,Сукре,Невідомо,Невідомо,Невідомо,Невідомо
Ботсвана,https://uk.wikipedia.org/wiki/%D0%91%D0%BE%D1%82%D1%81%D0%B2%D0%B0%D0%BD%D0%B0,Габороне,Невідомо,Невідомо,Невідомо,Невідомо
Бразилія,https://uk.wikipedia.org/wiki/%D0%91%D1%80%D0%B0%D0%B7%D0%B8%D0%BB%D1%96%D1%8F,Бразиліа,Невідомо,Невідомо,Невідомо,Невідомо
Боснія і Герцеговина,https://uk.wikipedia.org/wiki/%D0%91%D0%BE%D1%81%D0%BD%D1%96%D1%8F_%D1%96_%D0%93%D0%B5%D1%80%D1%86%D0%B5%D0%B3%D0%BE%D0%B2%D0%B8%D0%BD%D0%B0,Невідомо,Невідомо,Невідомо,Невідомо,Невідомо
Бенін,https://uk.wikipedia.org/wiki/%D0%91%D0%B5%D0%BD%D1%96%D0%BD,Порто-Ново,Невідомо,Невідомо,Невідомо,Невідомо
Сомаліленд,https://uk.wikipedia.org/wiki/%D0%A1%D0%BE%D0%BC%D0%B0%D0%BB%D1%96%D0%BB%D0%B5%D0%BD%D0%B4,Харгейса,Невідомо,Невідомо,Невідомо,Невідомо
Болгарія,https://uk.wikipedia.org/wiki/%D0%91%D0%BE%D0%BB%D0%B3%D0%B0%D1%80%D1%96%D1%8F,Невідомо,Невідомо,Невідомо,Невідомо,Невідомо
Білорусь,https://uk.wikipedia.org/wiki/%D0%91%D1%96%D0%BB%D0%BE%D1%80%D1%83%D1%81%D1%8C,Невідомо,Невідомо,Невідомо,Невідомо,Невідомо
Придністров'я,https://uk.wikipedia.org/wiki/%D0%9F%D1%80%D0%B8%D0%B4%D0%BD%D1%96%D1%81%D1%82%D1%80%D0%BE%D0%B2%D1%81%D1%8C%D0%BA%D0%B0_%D0%9C%D0%BE%D0%BB%D0%B4%D0%B0%D0%B2%D1%81%D1%8C%D0%BA%D0%B0_%D0%A0%D0%B5%D1%81%D0%BF%D1%83%D0%B1%D0%BB%D1%96%D0%BA%D0%B0,Тирасполь,Невідомо,Невідомо,Невідомо,Невідомо
Південна Осетія,https://uk.wikipedia.org/wiki/%D0%9F%D1%96%D0%B2%D0%B4%D0%B5%D0%BD%D0%BD%D0%B0_%D0%9E%D1%81%D0%B5%D1%82%D1%96%D1%8F,Цхінвалі,Невідомо,Невідомо,Невідомо,Невідомо
Амбазонія,https://uk.wikipedia.org/wiki/%D0%90%D0%BC%D0%B1%D0%B0%D0%B7%D0%BE%D0%BD%D1%96%D1%8F,Невідомо,Невідомо,Невідомо,Невідомо,Невідомо
Мадейра,https://uk.wikipedia.org/wiki/%D0%9C%D0%B0%D0%B4%D0%B5%D0%B9%D1%80%D0%B0,Невідомо,Невідомо,Невідомо,Невідомо,Невідомо
Мартиніка,https://uk.wikipedia.org/wiki/%D0%9C%D0%B0%D1%80%D1%82%D0%B8%D0%BD%D1%96%D0%BA%D0%B0,Фор-де-Франс,Невідомо,Невідомо,Невідомо,Невідомо
Гваделупа,https://uk.wikipedia.org/wiki/%D0%93%D0%B2%D0%B0%D0%B4%D0%B5%D0%BB%D1%83%D0%BF%D0%B0,Бас-Тер,Невідомо,Невідомо,Невідомо,Невідомо
Гвіана,https://uk.wikipedia.org/wiki/%D0%A4%D1%80%D0%B0%D0%BD%D1%86%D1%83%D0%B7%D1%8C%D0%BA%D0%B0_%D0%93%D0%B2%D1%96%D0%B0%D0%BD%D0%B0,Невідомо,Невідомо,Невідомо,Невідомо,Невідомо
Реюньйон,https://uk.wikipedia.org/wiki/%D0%A0%D0%B5%D1%8E%D0%BD%D1%8C%D0%B9%D0%BE%D0%BD,Сен-Дені,Невідомо,Невідомо,Невідомо,Невідомо
Північний Кіпр,https://uk.wikipedia.org/wiki/%D0%A2%D1%83%D1%80%D0%B5%D1%86%D1%8C%D0%BA%D0%B0_%D0%A0%D0%B5%D1%81%D0%BF%D1%83%D0%B1%D0%BB%D1%96%D0%BA%D0%B0_%D0%9F%D1%96%D0%B2%D0%BD%D1%96%D1%87%D0%BD%D0%BE%D0%B3%D0%BE_%D0%9A%D1%96%D0%BF%D1%80%D1%83,Північна Нікосія,Невідомо,Невідомо,Невідомо,Невідомо
Абхазія,https://uk.wikipedia.org/wiki/%D0%A0%D0%B5%D1%81%D0%BF%D1%83%D0%B1%D0%BB%D1%96%D0%BA%D0%B0_%D0%90%D0%B1%D1%85%D0%B0%D0%B7%D1%96%D1%8F,Сухумі,Невідомо,Невідомо,Невідомо,Невідомо
Майотта,https://uk.wikipedia.org/wiki/%D0%9C%D0%B0%D0%B9%D0%BE%D1%82%D1%82%D0%B0,Невідомо,Невідомо,Невідомо,Невідомо,Невідомо
Азорські Острови,https://uk.wikipedia.org/wiki/%D0%90%D0%B7%D0%BE%D1%80%D1%81%D1%8C%D0%BA%D1%96_%D0%9E%D1%81%D1%82%D1%80%D0%BE%D0%B2%D0%B8,Понта-Делгада,Невідомо,Невідомо,Невідомо,Невідомо
Сінт-Естатіус,https://uk.wikipedia.org/wiki/%D0%A1%D1%96%D0%BD%D1%82-%D0%95%D1%81%D1%82%D0%B0%D1%82%D1%96%D1%83%D1%81,Невідомо,Невідомо,Невідомо,Невідомо,Невідомо
Саба,https://uk.wikipedia.org/wiki/%D0%A1%D0%B0%D0%B1%D0%B0_(%D0%BE%D1%81%D1%82%D1%80%D1%96%D0%B2),Невідомо,Невідомо,Невідомо,Невідомо,Невідомо
Бонайре,https://uk.wikipedia.org/wiki/%D0%91%D0%BE%D0%BD%D0%B0%D0%B9%D1%80%D0%B5,Невідомо,Невідомо,Невідомо,Невідомо,Невідомо
Макао,https://uk.wikipedia.org/wiki/%D0%9C%D0%B0%D0%BA%D0%B0%D0%BE,b,Невідомо,Невідомо,Невідомо,Невідомо
Суверенні території,https://uk.wikipedia.org/wiki/%D0%A1%D1%83%D0%B2%D0%B5%D1%80%D0%B5%D0%BD%D0%BD%D1%96_%D1%82%D0%B5%D1%80%D0%B8%D1%82%D0%BE%D1%80%D1%96%D1%97_%D0%86%D1%81%D0%BF%D0%B0%D0%BD%D1%96%D1%97,Невідомо,Невідомо,Невідомо,Невідомо,Невідомо
Сеута,https://uk.wikipedia.org/wiki/%D0%A1%D0%B5%D1%83%D1%82%D0%B0,Невідомо,Невідомо,Невідомо,Невідомо,Невідомо
Гонконг,https://uk.wikipedia.org/wiki/%D0%93%D0%BE%D0%BD%D0%BA%D0%BE%D0%BD%D0%B3,Невідомо,Невідомо,Невідомо,Невідомо,Невідомо
Сен-Бартельмі,https://uk.wikipedia.org/wiki/%D0%A1%D0%B5%D0%BD-%D0%91%D0%B0%D1%80%D1%82%D0%B5%D0%BB%D1%8C%D0%BC%D1%96,Невідомо,Невідомо,Невідомо,Невідомо,Невідомо
Мелілья,https://uk.wikipedia.org/wiki/%D0%9C%D0%B5%D0%BB%D1%96%D0%BB%D1%8C%D1%8F,Невідомо,Невідомо,Невідомо,Невідомо,Невідомо
Аланди,https://uk.wikipedia.org/wiki/%D0%90%D0%BB%D0%B0%D0%BD%D0%B4%D1%81%D1%8C%D0%BA%D1%96_%D0%BE%D1%81%D1%82%D1%80%D0%BE%D0%B2%D0%B8,Марієгамн,Невідомо,Невідомо,Невідомо,Невідомо
Сен-П'єр і Мікелон,https://uk.wikipedia.org/wiki/%D0%A1%D0%B5%D0%BD-%D0%9F%27%D1%94%D1%80_%D1%96_%D0%9C%D1%96%D0%BA%D0%B5%D0%BB%D0%BE%D0%BD,Сен-П'єр,Невідомо,Невідомо,Невідомо,Невідомо
Сен-Мартен,https://uk.wikipedia.org/wiki/%D0%A1%D0%B5%D0%BD-%D0%9C%D0%B0%D1%80%D1%82%D0%B5%D0%BD_(%D0%A4%D1%80%D0%B0%D0%BD%D1%86%D1%96%D1%8F),Маріго,Невідомо,Невідомо,Невідомо,Невідомо
Французька Полінезія,https://uk.wikipedia.org/wiki/%D0%A4%D1%80%D0%B0%D0%BD%D1%86%D1%83%D0%B7%D1%8C%D0%BA%D0%B0_%D0%9F%D0%BE%D0%BB%D1%96%D0%BD%D0%B5%D0%B7%D1%96%D1%8F,Невідомо,Невідомо,Невідомо,Невідомо,Невідомо
Канарські Острови,https://uk.wikipedia.org/wiki/%D0%9A%D0%B0%D0%BD%D0%B0%D1%80%D1%81%D1%8C%D0%BA%D1%96_%D0%9E%D1%81%D1%82%D1%80%D0%BE%D0%B2%D0%B8,Невідомо,Невідомо,Невідомо,Невідомо,Невідомо
Зовнішні малі острови США,https://uk.wikipedia.org/wiki/%D0%97%D0%BE%D0%B2%D0%BD%D1%96%D1%88%D0%BD%D1%96_%D0%BC%D0%B0%D0%BB%D1%96_%D0%BE%D1%81%D1%82%D1%80%D0%BE%D0%B2%D0%B8_%D0%A1%D0%A8%D0%90,Невідомо,Невідомо,Невідомо,Невідомо,Невідомо
Нова Каледонія,https://uk.wikipedia.org/wiki/%D0%9D%D0%BE%D0%B2%D0%B0_%D0%9A%D0%B0%D0%BB%D0%B5%D0%B4%D0%BE%D0%BD%D1%96%D1%8F,Невідомо,Невідомо,Невідомо,Невідомо,Невідомо
Кліппертон,https://uk.wikipedia.org/wiki/%D0%9A%D0%BB%D1%96%D0%BF%D0%BF%D0%B5%D1%80%D1%82%D0%BE%D0%BD,Невідомо,Невідомо,Невідомо,Невідомо,Невідомо
Волліс і Футуна,https://uk.wikipedia.org/wiki/%D0%92%D0%BE%D0%BB%D0%BB%D1%96%D1%81_%D1%96_%D0%A4%D1%83%D1%82%D1%83%D0%BD%D0%B0,Невідомо,Невідомо,Невідомо,Невідомо,Невідомо
Північні Маріани,https://uk.wikipedia.org/wiki/%D0%9F%D1%96%D0%B2%D0%BD%D1%96%D1%87%D0%BD%D1%96_%D0%9C%D0%B0%D1%80%D1%96%D0%B0%D0%BD%D1%81%D1%8C%D0%BA%D1%96_%D0%9E%D1%81%D1%82%D1%80%D0%BE%D0%B2%D0%B8,Капітолій,Невідомо,Невідомо,Невідомо,Невідомо
Гуам,https://uk.wikipedia.org/wiki/%D0%93%D1%83%D0%B0%D0%BC,Хагатна,Невідомо,Невідомо,Невідомо,Невідомо
Пуерто-Рико,https://uk.wikipedia.org/wiki/%D0%9F%D1%83%D0%B5%D1%80%D1%82%D0%BE-%D0%A0%D0%B8%D0%BA%D0%BE,Невідомо,Невідомо,Невідомо,Невідомо,Невідомо
Острів Петра I,https://uk.wikipedia.org/wiki/%D0%9E%D1%81%D1%82%D1%80%D1%96%D0%B2_%D0%9F%D0%B5%D1%82%D1%80%D0%B0_I,Невідомо,Невідомо,Невідомо,Невідомо,Невідомо
Американське Самоа,https://uk.wikipedia.org/wiki/%D0%90%D0%BC%D0%B5%D1%80%D0%B8%D0%BA%D0%B0%D0%BD%D1%81%D1%8C%D0%BA%D0%B5_%D0%A1%D0%B0%D0%BC%D0%BE%D0%B0,Паго-Паго,Невідомо,Невідомо,Невідомо,Невідомо
Ян-Маєн,https://uk.wikipedia.org/wiki/%D0%AF%D0%BD-%D0%9C%D0%B0%D1%94%D0%BD,Невідомо,Невідомо,Невідомо,Невідомо,Невідомо
Свальбард,https://uk.wikipedia.org/wiki/%D0%A1%D0%B2%D0%B0%D0%BB%D1%8C%D0%B1%D0%B0%D1%80%D0%B4,Невідомо,Невідомо,Невідомо,Невідомо,Невідомо
Острів Буве,https://uk.wikipedia.org/wiki/%D0%91%D1%83%D0%B2%D0%B5,Невідомо,Невідомо,Невідомо,Невідомо,Невідомо
Земля Королеви Мод,https://uk.wikipedia.org/wiki/%D0%97%D0%B5%D0%BC%D0%BB%D1%8F_%D0%9A%D0%BE%D1%80%D0%BE%D0%BB%D0%B5%D0%B2%D0%B8_%D0%9C%D0%BE%D0%B4,Невідомо,Невідомо,Невідомо,Невідомо,Невідомо
Американські Віргіни,https://uk.wikipedia.org/wiki/%D0%90%D0%BC%D0%B5%D1%80%D0%B8%D0%BA%D0%B0%D0%BD%D1%81%D1%8C%D0%BA%D1%96_%D0%92%D1%96%D1%80%D0%B3%D1%96%D0%BD%D1%81%D1%8C%D0%BA%D1%96_%D0%9E%D1%81%D1%82%D1%80%D0%BE%D0%B2%D0%B8,Невідомо,Невідомо,Невідомо,Невідомо,Невідомо
Токелау,https://uk.wikipedia.org/wiki/%D0%A2%D0%BE%D0%BA%D0%B5%D0%BB%D0%B0%D1%83,Атафу,Невідомо,Невідомо,Невідомо,Невідомо
Територія Росса,https://uk.wikipedia.org/wiki/%D0%A2%D0%B5%D1%80%D0%B8%D1%82%D0%BE%D1%80%D1%96%D1%8F_%D0%A0%D0%BE%D1%81%D1%81%D0%B0,Скотт,Невідомо,Невідомо,Невідомо,Невідомо
Острови Кука,https://uk.wikipedia.org/wiki/%D0%9E%D1%81%D1%82%D1%80%D0%BE%D0%B2%D0%B8_%D0%9A%D1%83%D0%BA%D0%B0,Аваруа,Невідомо,Невідомо,Невідомо,Невідомо
Сінт-Мартен,https://uk.wikipedia.org/wiki/%D0%A1%D1%96%D0%BD%D1%82-%D0%9C%D0%B0%D1%80%D1%82%D0%B5%D0%BD,Філіпсбург,Невідомо,Невідомо,Невідомо,Невідомо
Кюрасао,https://uk.wikipedia.org/wiki/%D0%9A%D1%8E%D1%80%D0%B0%D1%81%D0%B0%D0%BE,Невідомо,Невідомо,Невідомо,Невідомо,Невідомо
Ніуе,https://uk.wikipedia.org/wiki/%D0%9D%D1%96%D1%83%D0%B5,Невідомо,Невідомо,Невідомо,Невідомо,Невідомо
Аруба,https://uk.wikipedia.org/wiki/%D0%90%D1%80%D1%83%D0%B1%D0%B0,Ораньєстад,Невідомо,Невідомо,Невідомо,Невідомо
Піткерн,https://uk.wikipedia.org/wiki/%D0%9F%D1%96%D1%82%D0%BA%D0%B5%D1%80%D0%BD,Адамстаун,Невідомо,Невідомо,Невідомо,Невідомо
Теркс і Кайкос,https://uk.wikipedia.org/wiki/%D0%9E%D1%81%D1%82%D1%80%D0%BE%D0%B2%D0%B8_%D0%A2%D0%B5%D1%80%D0%BA%D1%81_%D1%96_%D0%9A%D0%B0%D0%B9%D0%BA%D0%BE%D1%81,Кокберн-Таун,Невідомо,Невідомо,Невідомо,Невідомо
Фарери,https://uk.wikipedia.org/wiki/%D0%A4%D0%B0%D1%80%D0%B5%D1%80%D1%81%D1%8C%D0%BA%D1%96_%D0%9E%D1%81%D1%82%D1%80%D0%BE%D0%B2%D0%B8,Торсгавн,Невідомо,Невідомо,Невідомо,Невідомо
Гренландія,https://uk.wikipedia.org/wiki/%D0%93%D1%80%D0%B5%D0%BD%D0%BB%D0%B0%D0%BD%D0%B4%D1%96%D1%8F,Невідомо,Невідомо,Невідомо,Невідомо,Невідомо
Фолкленди,https://uk.wikipedia.org/wiki/%D0%A4%D0%BE%D0%BB%D0%BA%D0%BB%D0%B5%D0%BD%D0%B4%D1%81%D1%8C%D0%BA%D1%96_%D0%9E%D1%81%D1%82%D1%80%D0%BE%D0%B2%D0%B8,Невідомо,Невідомо,Невідомо,Невідомо,Невідомо
Південна Джорджія і Південні Сандвічеві Острови,https://uk.wikipedia.org/wiki/%D0%9F%D1%96%D0%B2%D0%B4%D0%B5%D0%BD%D0%BD%D0%B0_%D0%94%D0%B6%D0%BE%D1%80%D0%B4%D0%B6%D1%96%D1%8F_%D1%96_%D0%9F%D1%96%D0%B2%D0%B4%D0%B5%D0%BD%D0%BD%D1%96_%D0%A1%D0%B0%D0%BD%D0%B4%D0%B2%D1%96%D1%87%D0%B5%D0%B2%D1%96_%D0%9E%D1%81%D1%82%D1%80%D0%BE%D0%B2%D0%B8,Грютвікен,Невідомо,Невідомо,Невідомо,Невідомо
Монтсеррат,https://uk.wikipedia.org/wiki/%D0%9C%D0%BE%D0%BD%D1%82%D1%81%D0%B5%D1%80%D1%80%D0%B0%D1%82,Плімут,Невідомо,Невідомо,Невідомо,Невідомо
"Острови Святої Єлени, Вознесіння і Тристан-да-Кунья","https://uk.wikipedia.org/wiki/%D0%9E%D1%81%D1%82%D1%80%D0%BE%D0%B2%D0%B8_%D0%A1%D0%B2%D1%8F%D1%82%D0%BE%D1%97_%D0%84%D0%BB%D0%B5%D0%BD%D0%B8,_%D0%92%D0%BE%D0%B7%D0%BD%D0%B5%D1%81%D1%96%D0%BD%D0%BD%D1%8F_%D1%96_%D0%A2%D1%80%D0%B8%D1%81%D1%82%D0%B0%D0%BD-%D0%B4%D0%B0-%D0%9A%D1%83%D0%BD%D1%8C%D1%8F",Джеймстаун,Невідомо,Невідомо,Невідомо,Невідомо
Острів Мен,https://uk.wikipedia.org/wiki/%D0%9E%D1%81%D1%82%D1%80%D1%96%D0%B2_%D0%9C%D0%B5%D0%BD,Дуглас,Невідомо,Невідомо,Невідомо,Невідомо
Французькі Південні і Антарктичні Території,https://uk.wikipedia.org/wiki/%D0%A4%D1%80%D0%B0%D0%BD%D1%86%D1%83%D0%B7%D1%8C%D0%BA%D1%96_%D0%9F%D1%96%D0%B2%D0%B4%D0%B5%D0%BD%D0%BD%D1%96_%D1%96_%D0%90%D0%BD%D1%82%D0%B0%D1%80%D0%BA%D1%82%D0%B8%D1%87%D0%BD%D1%96_%D0%A2%D0%B5%D1%80%D0%B8%D1%82%D0%BE%D1%80%D1%96%D1%97,Порт-о-Франсе,Невідомо,Невідомо,Невідомо,Невідомо
Джерсі,https://uk.wikipedia.org/wiki/%D0%94%D0%B6%D0%B5%D1%80%D1%81%D1%96,Сент-Гелієр,Невідомо,Невідомо,Невідомо,Невідомо
Гернсі,https://uk.wikipedia.org/wiki/%D0%93%D0%B5%D1%80%D0%BD%D1%81%D1%96,Сент Пітер Порт,Невідомо,Невідомо,Невідомо,Невідомо
Британська Територія в Індійському Океані,https://uk.wikipedia.org/wiki/%D0%91%D1%80%D0%B8%D1%82%D0%B0%D0%BD%D1%81%D1%8C%D0%BA%D0%B0_%D0%A2%D0%B5%D1%80%D0%B8%D1%82%D0%BE%D1%80%D1%96%D1%8F_%D0%B2_%D0%86%D0%BD%D0%B4%D1%96%D0%B9%D1%81%D1%8C%D0%BA%D0%BE%D0%BC%D1%83_%D0%9E%D0%BA%D0%B5%D0%B0%D0%BD%D1%96,Невідомо,Невідомо,Невідомо,Невідомо,Невідомо
Британські Віргіни,https://uk.wikipedia.org/wiki/%D0%91%D1%80%D0%B8%D1%82%D0%B0%D0%BD%D1%81%D1%8C%D0%BA%D1%96_%D0%92%D1%96%D1%80%D0%B3%D1%96%D0%BD%D1%81%D1%8C%D0%BA%D1%96_%D0%9E%D1%81%D1%82%D1%80%D0%BE%D0%B2%D0%B8,Невідомо,Невідомо,Невідомо,Невідомо,Невідомо
Кайманові Острови,https://uk.wikipedia.org/wiki/%D0%9A%D0%B0%D0%B9%D0%BC%D0%B0%D0%BD%D0%BE%D0%B2%D1%96_%D0%9E%D1%81%D1%82%D1%80%D0%BE%D0%B2%D0%B8,Джорджтаун,Невідомо,Невідомо,Невідомо,Невідомо
Гібралтар,https://uk.wikipedia.org/wiki/%D0%93%D1%96%D0%B1%D1%80%D0%B0%D0%BB%D1%82%D0%B0%D1%80,36°08′ пн. ш. 5°21′ зх. д.,Невідомо,Невідомо,Невідомо,Невідомо
Ангілья,https://uk.wikipedia.org/wiki/%D0%90%D0%BD%D0%B3%D1%96%D0%BB%D1%8C%D1%8F,Невідомо,Невідомо,Невідомо,Невідомо,Невідомо
Акротирі і Декелія,https://uk.wikipedia.org/wiki/%D0%90%D0%BA%D1%80%D0%BE%D1%82%D0%B8%D1%80%D1%96_%D1%96_%D0%94%D0%B5%D0%BA%D0%B5%D0%BB%D1%96%D1%8F,Невідомо,Невідомо,Невідомо,Невідомо,Невідомо
Острів Різдва,https://uk.wikipedia.org/wiki/%D0%9E%D1%81%D1%82%D1%80%D1%96%D0%B2_%D0%A0%D1%96%D0%B7%D0%B4%D0%B2%D0%B0,"--
",Невідомо,Невідомо,Невідомо,Невідомо
Британська Антарктична Територія,https://uk.wikipedia.org/wiki/%D0%91%D1%80%D0%B8%D1%82%D0%B0%D0%BD%D1%81%D1%8C%D0%BA%D0%B0_%D0%90%D0%BD%D1%82%D0%B0%D1%80%D0%BA%D1%82%D0%B8%D1%87%D0%BD%D0%B0_%D0%A2%D0%B5%D1%80%D0%B8%D1%82%D0%BE%D1%80%D1%96%D1%8F,"Ротера
",Невідомо,Невідомо,Невідомо,Невідомо
Бермуди,https://uk.wikipedia.org/wiki/%D0%91%D0%B5%D1%80%D0%BC%D1%83%D0%B4%D1%81%D1%8C%D0%BA%D1%96_%D0%9E%D1%81%D1%82%D1%80%D0%BE%D0%B2%D0%B8,Гамільтон,Невідомо,Невідомо,Невідомо,Невідомо
Острів Норфолк,https://uk.wikipedia.org/wiki/%D0%9E%D1%81%D1%82%D1%80%D1%96%D0%B2_%D0%9D%D0%BE%D1%80%D1%84%D0%BE%D0%BB%D0%BA,Кінгстон (острів Норфолк),Невідомо,Невідомо,Невідомо,Невідомо
Острів Герд і острови Макдональд,https://uk.wikipedia.org/wiki/%D0%9E%D1%81%D1%82%D1%80%D0%BE%D0%B2%D0%B8_%D0%93%D0%B5%D1%80%D0%B4_%D1%96_%D0%9C%D0%B0%D0%BA%D0%B4%D0%BE%D0%BD%D0%B0%D0%BB%D1%8C%D0%B4,Невідомо,Невідомо,Невідомо,Невідомо,Невідомо
Острови Ашмор і Картьє,https://uk.wikipedia.org/wiki/%D0%9E%D1%81%D1%82%D1%80%D0%BE%D0%B2%D0%B8_%D0%90%D1%88%D0%BC%D0%BE%D1%80_%D1%96_%D0%9A%D0%B0%D1%80%D1%82%D1%8C%D1%94,Невідомо,Невідомо,Невідомо,Невідомо,Невідомо
Кокосові Острови,https://uk.wikipedia.org/wiki/%D0%9A%D0%BE%D0%BA%D0%BE%D1%81%D0%BE%D0%B2%D1%96_%D0%9E%D1%81%D1%82%D1%80%D0%BE%D0%B2%D0%B8,Західний острів,Невідомо,Невідомо,Невідомо,Невідомо
Острови Коралового моря,https://uk.wikipedia.org/wiki/%D0%9E%D1%81%D1%82%D1%80%D0%BE%D0%B2%D0%B8_%D0%9A%D0%BE%D1%80%D0%B0%D0%BB%D0%BE%D0%B2%D0%BE%D0%B3%D0%BE_%D0%BC%D0%BE%D1%80%D1%8F,Невідомо,Невідомо,Невідомо,Невідомо,Невідомо
Ямайка,https://uk.wikipedia.org/wiki/%D0%AF%D0%BC%D0%B0%D0%B9%D0%BA%D0%B0,Невідомо,Невідомо,Невідомо,Невідомо,Невідомо
Австралійська Антарктична Територія,https://uk.wikipedia.org/wiki/%D0%90%D0%B2%D1%81%D1%82%D1%80%D0%B0%D0%BB%D1%96%D0%B9%D1%81%D1%8C%D0%BA%D0%B0_%D0%90%D0%BD%D1%82%D0%B0%D1%80%D0%BA%D1%82%D0%B8%D1%87%D0%BD%D0%B0_%D0%A2%D0%B5%D1%80%D0%B8%D1%82%D0%BE%D1%80%D1%96%D1%8F,Девіс (антарктична станція),Невідомо,Невідомо,Невідомо,Невідомо
Шрі-Ланка,https://uk.wikipedia.org/wiki/%D0%A8%D1%80%D1%96-%D0%9B%D0%B0%D0%BD%D0%BA%D0%B0,Шрі-Джаяварденепура-Котте,Невідомо,Невідомо,Невідомо,Невідомо
Японія,https://uk.wikipedia.org/wiki/%D0%AF%D0%BF%D0%BE%D0%BD%D1%96%D1%8F,Токіо,Невідомо,Невідомо,Невідомо,Невідомо
Чилі,https://uk.wikipedia.org/wiki/%D0%A7%D0%B8%D0%BB%D1%96,Невідомо,Невідомо,Невідомо,Невідомо,Невідомо
Швеція,https://uk.wikipedia.org/wiki/%D0%A8%D0%B2%D0%B5%D1%86%D1%96%D1%8F,Невідомо,Невідомо,Невідомо,Невідомо,Невідомо
Швейцарія,https://uk.wikipedia.org/wiki/%D0%A8%D0%B2%D0%B5%D0%B9%D1%86%D0%B0%D1%80%D1%96%D1%8F,Берн,Невідомо,Невідомо,Невідомо,Невідомо
Чорногорія,https://uk.wikipedia.org/wiki/%D0%A7%D0%BE%D1%80%D0%BD%D0%BE%D0%B3%D0%BE%D1%80%D1%96%D1%8F,Невідомо,Невідомо,Невідомо,Невідомо,Невідомо
Чехія,https://uk.wikipedia.org/wiki/%D0%A7%D0%B5%D1%85%D1%96%D1%8F,Невідомо,Невідомо,Невідомо,Невідомо,Невідомо
Фіджі,https://uk.wikipedia.org/wiki/%D0%A4%D1%96%D0%B4%D0%B6%D1%96,Невідомо,Невідомо,Невідомо,Невідомо,Невідомо
Фінляндія,https://uk.wikipedia.org/wiki/%D0%A4%D1%96%D0%BD%D0%BB%D1%8F%D0%BD%D0%B4%D1%96%D1%8F,Невідомо,Невідомо,Невідомо,Невідомо,Невідомо
Чад,https://uk.wikipedia.org/wiki/%D0%A7%D0%B0%D0%B4,Невідомо,Невідомо,Невідомо,Невідомо,Невідомо
Центральноафриканська Республіка,https://uk.wikipedia.org/wiki/%D0%A6%D0%B5%D0%BD%D1%82%D1%80%D0%B0%D0%BB%D1%8C%D0%BD%D0%BE%D0%B0%D1%84%D1%80%D0%B8%D0%BA%D0%B0%D0%BD%D1%81%D1%8C%D0%BA%D0%B0_%D0%A0%D0%B5%D1%81%D0%BF%D1%83%D0%B1%D0%BB%D1%96%D0%BA%D0%B0,Невідомо,Невідомо,Невідомо,Невідомо,Невідомо
Філіппіни,https://uk.wikipedia.org/wiki/%D0%A4%D1%96%D0%BB%D1%96%D0%BF%D0%BF%D1%96%D0%BD%D0%B8,Маніла,Невідомо,Невідомо,Невідомо,Невідомо
Уругвай,https://uk.wikipedia.org/wiki/%D0%A3%D1%80%D1%83%D0%B3%D0%B2%D0%B0%D0%B9,Невідомо,Невідомо,Невідомо,Невідомо,Невідомо
Хорватія,https://uk.wikipedia.org/wiki/%D0%A5%D0%BE%D1%80%D0%B2%D0%B0%D1%82%D1%96%D1%8F,Невідомо,Невідомо,Невідомо,Невідомо,Невідомо
Франція,https://uk.wikipedia.org/wiki/%D0%A4%D1%80%D0%B0%D0%BD%D1%86%D1%96%D1%8F,Париж,Невідомо,Невідомо,Невідомо,Невідомо
Узбекистан,https://uk.wikipedia.org/wiki/%D0%A3%D0%B7%D0%B1%D0%B5%D0%BA%D0%B8%D1%81%D1%82%D0%B0%D0%BD,Ташкент,Невідомо,Невідомо,Невідомо,Невідомо
Угорщина,https://uk.wikipedia.org/wiki/%D0%A3%D0%B3%D0%BE%D1%80%D1%89%D0%B8%D0%BD%D0%B0,Невідомо,Невідомо,Невідомо,Невідомо,Невідомо
Україна,https://uk.wikipedia.org/wiki/%D0%A3%D0%BA%D1%80%D0%B0%D1%97%D0%BD%D0%B0,Невідомо,Невідомо,Невідомо,Невідомо,Невідомо
Тонга,https://uk.wikipedia.org/wiki/%D0%A2%D0%BE%D0%BD%D0%B3%D0%B0,Невідомо,Невідомо,Невідомо,Невідомо,Невідомо
Тувалу,https://uk.wikipedia.org/wiki/%D0%A2%D1%83%D0%B2%D0%B0%D0%BB%D1%83,Фунафуті,Невідомо,Невідомо,Невідомо,Невідомо
Туніс,https://uk.wikipedia.org/wiki/%D0%A2%D1%83%D0%BD%D1%96%D1%81,Туніс,Невідомо,Невідомо,Невідомо,Невідомо
Уганда,https://uk.wikipedia.org/wiki/%D0%A3%D0%B3%D0%B0%D0%BD%D0%B4%D0%B0,Невідомо,Невідомо,Невідомо,Невідомо,Невідомо
Туркменістан,https://uk.wikipedia.org/wiki/%D0%A2%D1%83%D1%80%D0%BA%D0%BC%D0%B5%D0%BD%D1%96%D1%81%D1%82%D0%B0%D0%BD,Невідомо,Невідомо,Невідомо,Невідомо,Невідомо
Того,https://uk.wikipedia.org/wiki/%D0%A2%D0%BE%D0%B3%D0%BE,Невідомо,Невідомо,Невідомо,Невідомо,Невідомо
Тринідад і Тобаго,https://uk.wikipedia.org/wiki/%D0%A2%D1%80%D0%B8%D0%BD%D1%96%D0%B4%D0%B0%D0%B4_%D1%96_%D0%A2%D0%BE%D0%B1%D0%B0%D0%B3%D0%BE,Порт-оф-Спейн,Невідомо,Невідомо,Невідомо,Невідомо
Туреччина,https://uk.wikipedia.org/wiki/%D0%A2%D1%83%D1%80%D0%B5%D1%87%D1%87%D0%B8%D0%BD%D0%B0,Анкара,Невідомо,Невідомо,Невідомо,Невідомо
Таїланд,https://uk.wikipedia.org/wiki/%D0%A2%D0%B0%D1%97%D0%BB%D0%B0%D0%BD%D0%B4,Невідомо,Невідомо,Невідомо,Невідомо,Невідомо
Танзанія,https://uk.wikipedia.org/wiki/%D0%A2%D0%B0%D0%BD%D0%B7%D0%B0%D0%BD%D1%96%D1%8F,Додома,Невідомо,Невідомо,Невідомо,Невідомо
Тайвань,https://uk.wikipedia.org/wiki/%D0%A0%D0%B5%D1%81%D0%BF%D1%83%D0%B1%D0%BB%D1%96%D0%BA%D0%B0_%D0%9A%D0%B8%D1%82%D0%B0%D0%B9,Тайбей,Невідомо,Невідомо,Невідомо,Невідомо
Східний Тимор,https://uk.wikipedia.org/wiki/%D0%A1%D1%85%D1%96%D0%B4%D0%BD%D0%B8%D0%B9_%D0%A2%D0%B8%D0%BC%D0%BE%D1%80,Невідомо,Невідомо,Невідомо,Невідомо,Невідомо
Суринам,https://uk.wikipedia.org/wiki/%D0%A1%D1%83%D1%80%D0%B8%D0%BD%D0%B0%D0%BC,Невідомо,Невідомо,Невідомо,Невідомо,Невідомо
Сьєрра-Леоне,https://uk.wikipedia.org/wiki/%D0%A1%D1%8C%D1%94%D1%80%D1%80%D0%B0-%D0%9B%D0%B5%D0%BE%D0%BD%D0%B5,Невідомо,Невідомо,Невідомо,Невідомо,Невідомо
Соломонові Острови,https://uk.wikipedia.org/wiki/%D0%A1%D0%BE%D0%BB%D0%BE%D0%BC%D0%BE%D0%BD%D0%BE%D0%B2%D1%96_%D0%9E%D1%81%D1%82%D1%80%D0%BE%D0%B2%D0%B8,Невідомо,Невідомо,Невідомо,Невідомо,Невідомо
Сомалі,https://uk.wikipedia.org/wiki/%D0%A1%D0%BE%D0%BC%D0%B0%D0%BB%D1%96,Невідомо,Невідомо,Невідомо,Невідомо,Невідомо
Сполучені Штати Америки,https://uk.wikipedia.org/wiki/%D0%A1%D0%BF%D0%BE%D0%BB%D1%83%D1%87%D0%B5%D0%BD%D1%96_%D0%A8%D1%82%D0%B0%D1%82%D0%B8_%D0%90%D0%BC%D0%B5%D1%80%D0%B8%D0%BA%D0%B8,Вашингтон,Невідомо,Невідомо,Невідомо,Невідомо
Судан,https://uk.wikipedia.org/wiki/%D0%A1%D1%83%D0%B4%D0%B0%D0%BD,Невідомо,Невідомо,Невідомо,Невідомо,Невідомо
Словенія,https://uk.wikipedia.org/wiki/%D0%A1%D0%BB%D0%BE%D0%B2%D0%B5%D0%BD%D1%96%D1%8F,Невідомо,Невідомо,Невідомо,Невідомо,Невідомо
Сінгапур,https://uk.wikipedia.org/wiki/%D0%A1%D1%96%D0%BD%D0%B3%D0%B0%D0%BF%D1%83%D1%80,1°17′ пн. ш. 103°50′ сх. д.,Невідомо,Невідомо,Невідомо,Невідомо
Сирія,https://uk.wikipedia.org/wiki/%D0%A1%D0%B8%D1%80%D1%96%D1%8F,Дамаск,Невідомо,Невідомо,Невідомо,Невідомо
Таджикистан,https://uk.wikipedia.org/wiki/%D0%A2%D0%B0%D0%B4%D0%B6%D0%B8%D0%BA%D0%B8%D1%81%D1%82%D0%B0%D0%BD,Невідомо,Невідомо,Невідомо,Невідомо,Невідомо
Сент-Кіттс і Невіс,https://uk.wikipedia.org/wiki/%D0%A1%D0%B5%D0%BD%D1%82-%D0%9A%D1%96%D1%82%D1%82%D1%81_%D1%96_%D0%9D%D0%B5%D0%B2%D1%96%D1%81,Невідомо,Невідомо,Невідомо,Невідомо,Невідомо
Сербія,https://uk.wikipedia.org/wiki/%D0%A1%D0%B5%D1%80%D0%B1%D1%96%D1%8F,Невідомо,Невідомо,Невідомо,Невідомо,Невідомо
Словаччина,https://uk.wikipedia.org/wiki/%D0%A1%D0%BB%D0%BE%D0%B2%D0%B0%D1%87%D1%87%D0%B8%D0%BD%D0%B0,Братислава,Невідомо,Невідомо,Невідомо,Невідомо
Сент-Люсія,https://uk.wikipedia.org/wiki/%D0%A1%D0%B5%D0%BD%D1%82-%D0%9B%D1%8E%D1%81%D1%96%D1%8F,Невідомо,Невідомо,Невідомо,Невідомо,Невідомо
Сент-Вінсент і Гренадини,https://uk.wikipedia.org/wiki/%D0%A1%D0%B5%D0%BD%D1%82-%D0%92%D1%96%D0%BD%D1%81%D0%B5%D0%BD%D1%82_%D1%96_%D0%93%D1%80%D0%B5%D0%BD%D0%B0%D0%B4%D0%B8%D0%BD%D0%B8,Невідомо,Невідомо,Невідомо,Невідомо,Невідомо
Сенегал,https://uk.wikipedia.org/wiki/%D0%A1%D0%B5%D0%BD%D0%B5%D0%B3%D0%B0%D0%BB,Невідомо,Невідомо,Невідомо,Невідомо,Невідомо
Сан-Томе і Принсіпі,https://uk.wikipedia.org/wiki/%D0%A1%D0%B0%D0%BD-%D0%A2%D0%BE%D0%BC%D0%B5_%D1%96_%D0%9F%D1%80%D0%B8%D0%BD%D1%81%D1%96%D0%BF%D1%96,Сан-Томе,Невідомо,Невідомо,Невідомо,Невідомо
Сейшельські Острови,https://uk.wikipedia.org/wiki/%D0%A1%D0%B5%D0%B9%D1%88%D0%B5%D0%BB%D1%8C%D1%81%D1%8C%D0%BA%D1%96_%D0%9E%D1%81%D1%82%D1%80%D0%BE%D0%B2%D0%B8,Вікторія,Невідомо,Невідомо,Невідомо,Невідомо
Сальвадор,https://uk.wikipedia.org/wiki/%D0%A1%D0%B0%D0%BB%D1%8C%D0%B2%D0%B0%D0%B4%D0%BE%D1%80,Невідомо,Невідомо,Невідомо,Невідомо,Невідомо
Сан-Марино,https://uk.wikipedia.org/wiki/%D0%A1%D0%B0%D0%BD-%D0%9C%D0%B0%D1%80%D0%B8%D0%BD%D0%BE,Сан-Марино,Невідомо,Невідомо,Невідомо,Невідомо
Румунія,https://uk.wikipedia.org/wiki/%D0%A0%D1%83%D0%BC%D1%83%D0%BD%D1%96%D1%8F,Бухарест,Невідомо,Невідомо,Невідомо,Невідомо
Самоа,https://uk.wikipedia.org/wiki/%D0%A1%D0%B0%D0%BC%D0%BE%D0%B0,Апіа,Невідомо,Невідомо,Невідомо,Невідомо
Саудівська Аравія,https://uk.wikipedia.org/wiki/%D0%A1%D0%B0%D1%83%D0%B4%D1%96%D0%B2%D1%81%D1%8C%D0%BA%D0%B0_%D0%90%D1%80%D0%B0%D0%B2%D1%96%D1%8F,Невідомо,Невідомо,Невідомо,Невідомо,Невідомо
Руанда,https://uk.wikipedia.org/wiki/%D0%A0%D1%83%D0%B0%D0%BD%D0%B4%D0%B0,Невідомо,Невідомо,Невідомо,Невідомо,Невідомо
Португалія,https://uk.wikipedia.org/wiki/%D0%9F%D0%BE%D1%80%D1%82%D1%83%D0%B3%D0%B0%D0%BB%D1%96%D1%8F,Лісабон,Невідомо,Невідомо,Невідомо,Невідомо
Польща,https://uk.wikipedia.org/wiki/%D0%9F%D0%BE%D0%BB%D1%8C%D1%89%D0%B0,Невідомо,Невідомо,Невідомо,Невідомо,Невідомо
Росія,https://uk.wikipedia.org/wiki/%D0%A0%D0%BE%D1%81%D1%96%D1%8F,Невідомо,Невідомо,Невідомо,Невідомо,Невідомо
Північна Македонія,https://uk.wikipedia.org/wiki/%D0%9F%D1%96%D0%B2%D0%BD%D1%96%D1%87%D0%BD%D0%B0_%D0%9C%D0%B0%D0%BA%D0%B5%D0%B4%D0%BE%D0%BD%D1%96%D1%8F,Скоп'є,Невідомо,Невідомо,Невідомо,Невідомо
Парагвай,https://uk.wikipedia.org/wiki/%D0%9F%D0%B0%D1%80%D0%B0%D0%B3%D0%B2%D0%B0%D0%B9,Невідомо,Невідомо,Невідомо,Невідомо,Невідомо
Південно-Африканська Республіка,https://uk.wikipedia.org/wiki/%D0%9F%D1%96%D0%B2%D0%B4%D0%B5%D0%BD%D0%BD%D0%BE-%D0%90%D1%84%D1%80%D0%B8%D0%BA%D0%B0%D0%BD%D1%81%D1%8C%D0%BA%D0%B0_%D0%A0%D0%B5%D1%81%D0%BF%D1%83%D0%B1%D0%BB%D1%96%D0%BA%D0%B0,Кейптаун,Невідомо,Невідомо,Невідомо,Невідомо
Папуа Нова Гвінея,https://uk.wikipedia.org/wiki/%D0%9F%D0%B0%D0%BF%D1%83%D0%B0_%D0%9D%D0%BE%D0%B2%D0%B0_%D0%93%D0%B2%D1%96%D0%BD%D0%B5%D1%8F,Невідомо,Невідомо,Невідомо,Невідомо,Невідомо
Південний Судан,https://uk.wikipedia.org/wiki/%D0%9F%D1%96%D0%B2%D0%B4%D0%B5%D0%BD%D0%BD%D0%B8%D0%B9_%D0%A1%D1%83%D0%B4%D0%B0%D0%BD,Невідомо,Невідомо,Невідомо,Невідомо,Невідомо
Перу,https://uk.wikipedia.org/wiki/%D0%9F%D0%B5%D1%80%D1%83,Невідомо,Невідомо,Невідомо,Невідомо,Невідомо
Оман,https://uk.wikipedia.org/wiki/%D0%9E%D0%BC%D0%B0%D0%BD,Маскат,Невідомо,Невідомо,Невідомо,Невідомо
Панама,https://uk.wikipedia.org/wiki/%D0%9F%D0%B0%D0%BD%D0%B0%D0%BC%D0%B0,Невідомо,Невідомо,Невідомо,Невідомо,Невідомо
Палау,https://uk.wikipedia.org/wiki/%D0%9F%D0%B0%D0%BB%D0%B0%D1%83,Нгерулмуд,Невідомо,Невідомо,Невідомо,Невідомо
Пакистан,https://uk.wikipedia.org/wiki/%D0%9F%D0%B0%D0%BA%D0%B8%D1%81%D1%82%D0%B0%D0%BD,Ісламабад,Невідомо,Невідомо,Невідомо,Невідомо
Палестина,https://uk.wikipedia.org/wiki/%D0%9F%D0%B0%D0%BB%D0%B5%D1%81%D1%82%D0%B8%D0%BD%D1%81%D1%8C%D0%BA%D0%B0_%D0%B4%D0%B5%D1%80%D0%B6%D0%B0%D0%B2%D0%B0,Рамалла,Невідомо,Невідомо,Невідомо,Невідомо
Об'єднані Арабські Емірати,https://uk.wikipedia.org/wiki/%D0%9E%D0%B1%27%D1%94%D0%B4%D0%BD%D0%B0%D0%BD%D1%96_%D0%90%D1%80%D0%B0%D0%B1%D1%81%D1%8C%D0%BA%D1%96_%D0%95%D0%BC%D1%96%D1%80%D0%B0%D1%82%D0%B8,Абу-Дабі,Невідомо,Невідомо,Невідомо,Невідомо
Норвегія,https://uk.wikipedia.org/wiki/%D0%9D%D0%BE%D1%80%D0%B2%D0%B5%D0%B3%D1%96%D1%8F,Невідомо,Невідомо,Невідомо,Невідомо,Невідомо
Нікарагуа,https://uk.wikipedia.org/wiki/%D0%9D%D1%96%D0%BA%D0%B0%D1%80%D0%B0%D0%B3%D1%83%D0%B0,Невідомо,Невідомо,Невідомо,Невідомо,Невідомо
Німеччина,https://uk.wikipedia.org/wiki/%D0%9D%D1%96%D0%BC%D0%B5%D1%87%D1%87%D0%B8%D0%BD%D0%B0,Невідомо,Невідомо,Невідомо,Невідомо,Невідомо
Нідерланди,https://uk.wikipedia.org/wiki/%D0%9D%D1%96%D0%B4%D0%B5%D1%80%D0%BB%D0%B0%D0%BD%D0%B4%D0%B8,Невідомо,Невідомо,Невідомо,Невідомо,Невідомо
Непал,https://uk.wikipedia.org/wiki/%D0%9D%D0%B5%D0%BF%D0%B0%D0%BB,Катманду,Невідомо,Невідомо,Невідомо,Невідомо
Нігер,https://uk.wikipedia.org/wiki/%D0%9D%D1%96%D0%B3%D0%B5%D1%80,Невідомо,Невідомо,Невідомо,Невідомо,Невідомо
Намібія,https://uk.wikipedia.org/wiki/%D0%9D%D0%B0%D0%BC%D1%96%D0%B1%D1%96%D1%8F,Невідомо,Невідомо,Невідомо,Невідомо,Невідомо
Монголія,https://uk.wikipedia.org/wiki/%D0%9C%D0%BE%D0%BD%D0%B3%D0%BE%D0%BB%D1%96%D1%8F,Невідомо,Невідомо,Невідомо,Невідомо,Невідомо
М'янма,https://uk.wikipedia.org/wiki/%D0%9C%27%D1%8F%D0%BD%D0%BC%D0%B0,Найп'їдо,Невідомо,Невідомо,Невідомо,Невідомо
Науру,https://uk.wikipedia.org/wiki/%D0%9D%D0%B0%D1%83%D1%80%D1%83,.mw-parser-output .ts-comment-commentedText{border-bottom:1px dotted;cursor:help}@media(hover:none){.mw-parser-output .ts-comment-commentedText:not(.rt-commentedText){border-bottom:0;cursor:auto}},Невідомо,Невідомо,Невідомо,Невідомо
Нова Зеландія,https://uk.wikipedia.org/wiki/%D0%9D%D0%BE%D0%B2%D0%B0_%D0%97%D0%B5%D0%BB%D0%B0%D0%BD%D0%B4%D1%96%D1%8F,Веллінгтон,Невідомо,Невідомо,Невідомо,Невідомо
Молдова,https://uk.wikipedia.org/wiki/%D0%9C%D0%BE%D0%BB%D0%B4%D0%BE%D0%B2%D0%B0,Кишинів,Невідомо,Невідомо,Невідомо,Невідомо
Мозамбік,https://uk.wikipedia.org/wiki/%D0%9C%D0%BE%D0%B7%D0%B0%D0%BC%D0%B1%D1%96%D0%BA,Невідомо,Невідомо,Невідомо,Невідомо,Невідомо
Нігерія,https://uk.wikipedia.org/wiki/%D0%9D%D1%96%D0%B3%D0%B5%D1%80%D1%96%D1%8F,Абуджа,Невідомо,Невідомо,Невідомо,Невідомо
Мексика,https://uk.wikipedia.org/wiki/%D0%9C%D0%B5%D0%BA%D1%81%D0%B8%D0%BA%D0%B0,Невідомо,Невідомо,Невідомо,Невідомо,Невідомо
Мікронезія,https://uk.wikipedia.org/wiki/%D0%A4%D0%B5%D0%B4%D0%B5%D1%80%D0%B0%D1%82%D0%B8%D0%B2%D0%BD%D1%96_%D0%A8%D1%82%D0%B0%D1%82%D0%B8_%D0%9C%D1%96%D0%BA%D1%80%D0%BE%D0%BD%D0%B5%D0%B7%D1%96%D1%97,Палікір,Невідомо,Невідомо,Невідомо,Невідомо
Монако,https://uk.wikipedia.org/wiki/%D0%9C%D0%BE%D0%BD%D0%B0%D0%BA%D0%BE,43°44′ пн. ш. 7°24′ сх. д.,Невідомо,Невідомо,Невідомо,Невідомо
Малаві,https://uk.wikipedia.org/wiki/%D0%9C%D0%B0%D0%BB%D0%B0%D0%B2%D1%96,Невідомо,Невідомо,Невідомо,Невідомо,Невідомо
Малайзія,https://uk.wikipedia.org/wiki/%D0%9C%D0%B0%D0%BB%D0%B0%D0%B9%D0%B7%D1%96%D1%8F,Куала-Лумпур,Невідомо,Невідомо,Невідомо,Невідомо
Мальта,https://uk.wikipedia.org/wiki/%D0%9C%D0%B0%D0%BB%D1%8C%D1%82%D0%B0,Валлетта,Невідомо,Невідомо,Невідомо,Невідомо
Малі,https://uk.wikipedia.org/wiki/%D0%9C%D0%B0%D0%BB%D1%96,Невідомо,Невідомо,Невідомо,Невідомо,Невідомо
Мадагаскар,https://uk.wikipedia.org/wiki/%D0%9C%D0%B0%D0%B4%D0%B0%D0%B3%D0%B0%D1%81%D0%BA%D0%B0%D1%80,Антананаріву,Невідомо,Невідомо,Невідомо,Невідомо
Маршаллові Острови,https://uk.wikipedia.org/wiki/%D0%9C%D0%B0%D1%80%D1%88%D0%B0%D0%BB%D0%BB%D0%BE%D0%B2%D1%96_%D0%9E%D1%81%D1%82%D1%80%D0%BE%D0%B2%D0%B8,Невідомо,Невідомо,Невідомо,Невідомо,Невідомо
Мальдіви,https://uk.wikipedia.org/wiki/%D0%9C%D0%B0%D0%BB%D1%8C%D0%B4%D1%96%D0%B2%D0%B8,Мале,Невідомо,Невідомо,Невідомо,Невідомо
Марокко,https://uk.wikipedia.org/wiki/%D0%9C%D0%B0%D1%80%D0%BE%D0%BA%D0%BA%D0%BE,Рабат,Невідомо,Невідомо,Невідомо,Невідомо
Мавританія,https://uk.wikipedia.org/wiki/%D0%9C%D0%B0%D0%B2%D1%80%D0%B8%D1%82%D0%B0%D0%BD%D1%96%D1%8F,Невідомо,Невідомо,Невідомо,Невідомо,Невідомо
Маврикій,https://uk.wikipedia.org/wiki/%D0%9C%D0%B0%D0%B2%D1%80%D0%B8%D0%BA%D1%96%D0%B9,Невідомо,Невідомо,Невідомо,Невідомо,Невідомо
Ліхтенштейн,https://uk.wikipedia.org/wiki/%D0%9B%D1%96%D1%85%D1%82%D0%B5%D0%BD%D1%88%D1%82%D0%B5%D0%B9%D0%BD,Вадуц,Невідомо,Невідомо,Невідомо,Невідомо
Люксембург,https://uk.wikipedia.org/wiki/%D0%9B%D1%8E%D0%BA%D1%81%D0%B5%D0%BC%D0%B1%D1%83%D1%80%D0%B3,Невідомо,Невідомо,Невідомо,Невідомо,Невідомо
Лівія,https://uk.wikipedia.org/wiki/%D0%9B%D1%96%D0%B2%D1%96%D1%8F,Невідомо,Невідомо,Невідомо,Невідомо,Невідомо
Ліван,https://uk.wikipedia.org/wiki/%D0%9B%D1%96%D0%B2%D0%B0%D0%BD,Невідомо,Невідомо,Невідомо,Невідомо,Невідомо
Ліберія,https://uk.wikipedia.org/wiki/%D0%9B%D1%96%D0%B1%D0%B5%D1%80%D1%96%D1%8F,Невідомо,Невідомо,Невідомо,Невідомо,Невідомо
Лесото,https://uk.wikipedia.org/wiki/%D0%9B%D0%B5%D1%81%D0%BE%D1%82%D0%BE,Невідомо,Невідомо,Невідомо,Невідомо,Невідомо
Коста-Рика,https://uk.wikipedia.org/wiki/%D0%9A%D0%BE%D1%81%D1%82%D0%B0-%D0%A0%D0%B8%D0%BA%D0%B0,Невідомо,Невідомо,Невідомо,Невідомо,Невідомо
Лаос,https://uk.wikipedia.org/wiki/%D0%9B%D0%B0%D0%BE%D1%81,Невідомо,Невідомо,Невідомо,Невідомо,Невідомо
Латвія,https://uk.wikipedia.org/wiki/%D0%9B%D0%B0%D1%82%D0%B2%D1%96%D1%8F,Невідомо,Невідомо,Невідомо,Невідомо,Невідомо
Литва,https://uk.wikipedia.org/wiki/%D0%9B%D0%B8%D1%82%D0%B2%D0%B0,Невідомо,Невідомо,Невідомо,Невідомо,Невідомо
Кувейт,https://uk.wikipedia.org/wiki/%D0%9A%D1%83%D0%B2%D0%B5%D0%B9%D1%82,Невідомо,Невідомо,Невідомо,Невідомо,Невідомо
Кот-д'Івуар,https://uk.wikipedia.org/wiki/%D0%9A%D0%BE%D1%82-%D0%B4%27%D0%86%D0%B2%D1%83%D0%B0%D1%80,Ямусукро,Невідомо,Невідомо,Невідомо,Невідомо
Косово,https://uk.wikipedia.org/wiki/%D0%9A%D0%BE%D1%81%D0%BE%D0%B2%D0%BE,Невідомо,Невідомо,Невідомо,Невідомо,Невідомо
Куба,https://uk.wikipedia.org/wiki/%D0%9A%D1%83%D0%B1%D0%B0,Невідомо,Невідомо,Невідомо,Невідомо,Невідомо
Північна Корея,https://uk.wikipedia.org/wiki/%D0%9F%D1%96%D0%B2%D0%BD%D1%96%D1%87%D0%BD%D0%B0_%D0%9A%D0%BE%D1%80%D0%B5%D1%8F,Невідомо,Невідомо,Невідомо,Невідомо,Невідомо
Коморські Острови,https://uk.wikipedia.org/wiki/%D0%9A%D0%BE%D0%BC%D0%BE%D1%80%D1%81%D1%8C%D0%BA%D1%96_%D0%9E%D1%81%D1%82%D1%80%D0%BE%D0%B2%D0%B8,Невідомо,Невідомо,Невідомо,Невідомо,Невідомо
Південна Корея,https://uk.wikipedia.org/wiki/%D0%9F%D1%96%D0%B2%D0%B4%D0%B5%D0%BD%D0%BD%D0%B0_%D0%9A%D0%BE%D1%80%D0%B5%D1%8F,Невідомо,Невідомо,Невідомо,Невідомо,Невідомо
Республіка Конго,https://uk.wikipedia.org/wiki/%D0%A0%D0%B5%D1%81%D0%BF%D1%83%D0%B1%D0%BB%D1%96%D0%BA%D0%B0_%D0%9A%D0%BE%D0%BD%D0%B3%D0%BE,Невідомо,Невідомо,Невідомо,Невідомо,Невідомо
Кіпр,https://uk.wikipedia.org/wiki/%D0%9A%D1%96%D0%BF%D1%80,Нікосія,Невідомо,Невідомо,Невідомо,Невідомо
Колумбія,https://uk.wikipedia.org/wiki/%D0%9A%D0%BE%D0%BB%D1%83%D0%BC%D0%B1%D1%96%D1%8F,Невідомо,Невідомо,Невідомо,Невідомо,Невідомо
Кірибаті,https://uk.wikipedia.org/wiki/%D0%9A%D1%96%D1%80%D0%B8%D0%B1%D0%B0%D1%82%D1%96,Південна Тарава,Невідомо,Невідомо,Невідомо,Невідомо
Китай,https://uk.wikipedia.org/wiki/%D0%9A%D0%B8%D1%82%D0%B0%D0%B9%D1%81%D1%8C%D0%BA%D0%B0_%D0%9D%D0%B0%D1%80%D0%BE%D0%B4%D0%BD%D0%B0_%D0%A0%D0%B5%D1%81%D0%BF%D1%83%D0%B1%D0%BB%D1%96%D0%BA%D0%B0,Пекін,Невідомо,Невідомо,Невідомо,Невідомо
ДР Конго,https://uk.wikipedia.org/wiki/%D0%94%D0%B5%D0%BC%D0%BE%D0%BA%D1%80%D0%B0%D1%82%D0%B8%D1%87%D0%BD%D0%B0_%D0%A0%D0%B5%D1%81%D0%BF%D1%83%D0%B1%D0%BB%D1%96%D0%BA%D0%B0_%D0%9A%D0%BE%D0%BD%D0%B3%D0%BE,Невідомо,Невідомо,Невідомо,Невідомо,Невідомо
Кенія,https://uk.wikipedia.org/wiki/%D0%9A%D0%B5%D0%BD%D1%96%D1%8F,Невідомо,Невідомо,Невідомо,Невідомо,Невідомо
Киргизстан,https://uk.wikipedia.org/wiki/%D0%9A%D0%B8%D1%80%D0%B3%D0%B8%D0%B7%D1%81%D1%82%D0%B0%D0%BD,Бішкек,Невідомо,Невідомо,Невідомо,Невідомо
Катар,https://uk.wikipedia.org/wiki/%D0%9A%D0%B0%D1%82%D0%B0%D1%80,Невідомо,Невідомо,Невідомо,Невідомо,Невідомо
Камерун,https://uk.wikipedia.org/wiki/%D0%9A%D0%B0%D0%BC%D0%B5%D1%80%D1%83%D0%BD,Яунде,Невідомо,Невідомо,Невідомо,Невідомо
Канада,https://uk.wikipedia.org/wiki/%D0%9A%D0%B0%D0%BD%D0%B0%D0%B4%D0%B0,Оттава,Невідомо,Невідомо,Невідомо,Невідомо
Йорданія,https://uk.wikipedia.org/wiki/%D0%99%D0%BE%D1%80%D0%B4%D0%B0%D0%BD%D1%96%D1%8F,Невідомо,Невідомо,Невідомо,Невідомо,Невідомо
Казахстан,https://uk.wikipedia.org/wiki/%D0%9A%D0%B0%D0%B7%D0%B0%D1%85%D1%81%D1%82%D0%B0%D0%BD,Астана,Невідомо,Невідомо,Невідомо,Невідомо
Італія,https://uk.wikipedia.org/wiki/%D0%86%D1%82%D0%B0%D0%BB%D1%96%D1%8F,Невідомо,Невідомо,Невідомо,Невідомо,Невідомо
Ісландія,https://uk.wikipedia.org/wiki/%D0%86%D1%81%D0%BB%D0%B0%D0%BD%D0%B4%D1%96%D1%8F,Невідомо,Невідомо,Невідомо,Невідомо,Невідомо
Камбоджа,https://uk.wikipedia.org/wiki/%D0%9A%D0%B0%D0%BC%D0%B1%D0%BE%D0%B4%D0%B6%D0%B0,Невідомо,Невідомо,Невідомо,Невідомо,Невідомо
Ірландія,https://uk.wikipedia.org/wiki/%D0%86%D1%80%D0%BB%D0%B0%D0%BD%D0%B4%D1%96%D1%8F,Невідомо,Невідомо,Невідомо,Невідомо,Невідомо
Іран,https://uk.wikipedia.org/wiki/%D0%86%D1%80%D0%B0%D0%BD,Невідомо,Невідомо,Невідомо,Невідомо,Невідомо
Західна Сахара,https://uk.wikipedia.org/wiki/%D0%97%D0%B0%D1%85%D1%96%D0%B4%D0%BD%D0%B0_%D0%A1%D0%B0%D1%85%D0%B0%D1%80%D0%B0,Невідомо,Невідомо,Невідомо,Невідомо,Невідомо
Індонезія,https://uk.wikipedia.org/wiki/%D0%86%D0%BD%D0%B4%D0%BE%D0%BD%D0%B5%D0%B7%D1%96%D1%8F,Невідомо,Невідомо,Невідомо,Невідомо,Невідомо
Іспанія,https://uk.wikipedia.org/wiki/%D0%86%D1%81%D0%BF%D0%B0%D0%BD%D1%96%D1%8F,Невідомо,Невідомо,Невідомо,Невідомо,Невідомо
Замбія,https://uk.wikipedia.org/wiki/%D0%97%D0%B0%D0%BC%D0%B1%D1%96%D1%8F,Лусака,Невідомо,Невідомо,Невідомо,Невідомо
Кабо-Верде,https://uk.wikipedia.org/wiki/%D0%9A%D0%B0%D0%B1%D0%BE-%D0%92%D0%B5%D1%80%D0%B4%D0%B5,Невідомо,Невідомо,Невідомо,Невідомо,Невідомо
Ємен,https://uk.wikipedia.org/wiki/%D0%84%D0%BC%D0%B5%D0%BD,Невідомо,Невідомо,Невідомо,Невідомо,Невідомо
Зімбабве,https://uk.wikipedia.org/wiki/%D0%97%D1%96%D0%BC%D0%B1%D0%B0%D0%B1%D0%B2%D0%B5,Невідомо,Невідомо,Невідомо,Невідомо,Невідомо
Індія,https://uk.wikipedia.org/wiki/%D0%86%D0%BD%D0%B4%D1%96%D1%8F,Нью-Делі,Невідомо,Невідомо,Невідомо,Невідомо
Ірак,https://uk.wikipedia.org/wiki/%D0%86%D1%80%D0%B0%D0%BA,Багдад,Невідомо,Невідомо,Невідомо,Невідомо
Ізраїль,https://uk.wikipedia.org/wiki/%D0%86%D0%B7%D1%80%D0%B0%D1%97%D0%BB%D1%8C,Єрусалим,Невідомо,Невідомо,Невідомо,Невідомо
Ефіопія,https://uk.wikipedia.org/wiki/%D0%95%D1%84%D1%96%D0%BE%D0%BF%D1%96%D1%8F,Аддис-Абеба,Невідомо,Невідомо,Невідомо,Невідомо
Есватіні,https://uk.wikipedia.org/wiki/%D0%95%D1%81%D0%B2%D0%B0%D1%82%D1%96%D0%BD%D1%96,Лобамба,Невідомо,Невідомо,Невідомо,Невідомо
Естонія,https://uk.wikipedia.org/wiki/%D0%95%D1%81%D1%82%D0%BE%D0%BD%D1%96%D1%8F,Невідомо,Невідомо,Невідомо,Невідомо,Невідомо
Еритрея,https://uk.wikipedia.org/wiki/%D0%95%D1%80%D0%B8%D1%82%D1%80%D0%B5%D1%8F,Асмера,Невідомо,Невідомо,Невідомо,Невідомо
Екваторіальна Гвінея,https://uk.wikipedia.org/wiki/%D0%95%D0%BA%D0%B2%D0%B0%D1%82%D0%BE%D1%80%D1%96%D0%B0%D0%BB%D1%8C%D0%BD%D0%B0_%D0%93%D0%B2%D1%96%D0%BD%D0%B5%D1%8F,Малабо,Невідомо,Невідомо,Невідомо,Невідомо
Еквадор,https://uk.wikipedia.org/wiki/%D0%95%D0%BA%D0%B2%D0%B0%D0%B4%D0%BE%D1%80,Кіто,Невідомо,Невідомо,Невідомо,Невідомо
Єгипет,https://uk.wikipedia.org/wiki/%D0%84%D0%B3%D0%B8%D0%BF%D0%B5%D1%82,Каїр,Невідомо,Невідомо,Невідомо,Невідомо
Домініканська Республіка,https://uk.wikipedia.org/wiki/%D0%94%D0%BE%D0%BC%D1%96%D0%BD%D1%96%D0%BA%D0%B0%D0%BD%D1%81%D1%8C%D0%BA%D0%B0_%D0%A0%D0%B5%D1%81%D0%BF%D1%83%D0%B1%D0%BB%D1%96%D0%BA%D0%B0,Невідомо,Невідомо,Невідомо,Невідомо,Невідомо
Гвінея-Бісау,https://uk.wikipedia.org/wiki/%D0%93%D0%B2%D1%96%D0%BD%D0%B5%D1%8F-%D0%91%D1%96%D1%81%D0%B0%D1%83,Невідомо,Невідомо,Невідомо,Невідомо,Невідомо
Домініка,https://uk.wikipedia.org/wiki/%D0%94%D0%BE%D0%BC%D1%96%D0%BD%D1%96%D0%BA%D0%B0,Невідомо,Невідомо,Невідомо,Невідомо,Невідомо
Джибуті,https://uk.wikipedia.org/wiki/%D0%94%D0%B6%D0%B8%D0%B1%D1%83%D1%82%D1%96,Невідомо,Невідомо,Невідомо,Невідомо,Невідомо
Гондурас,https://uk.wikipedia.org/wiki/%D0%93%D0%BE%D0%BD%D0%B4%D1%83%D1%80%D0%B0%D1%81,Невідомо,Невідомо,Невідомо,Невідомо,Невідомо
Данія,https://uk.wikipedia.org/wiki/%D0%94%D0%B0%D0%BD%D1%96%D1%8F,Невідомо,Невідомо,Невідомо,Невідомо,Невідомо
Грузія,https://uk.wikipedia.org/wiki/%D0%93%D1%80%D1%83%D0%B7%D1%96%D1%8F,Тбілісі,Невідомо,Невідомо,Невідомо,Невідомо
Гренада,https://uk.wikipedia.org/wiki/%D0%93%D1%80%D0%B5%D0%BD%D0%B0%D0%B4%D0%B0,Невідомо,Невідомо,Невідомо,Невідомо,Невідомо
Греція,https://uk.wikipedia.org/wiki/%D0%93%D1%80%D0%B5%D1%86%D1%96%D1%8F,Невідомо,Невідомо,Невідомо,Невідомо,Невідомо
Гватемала,https://uk.wikipedia.org/wiki/%D0%93%D0%B2%D0%B0%D1%82%D0%B5%D0%BC%D0%B0%D0%BB%D0%B0,Невідомо,Невідомо,Невідомо,Невідомо,Невідомо
Гвінея,https://uk.wikipedia.org/wiki/%D0%93%D0%B2%D1%96%D0%BD%D0%B5%D1%8F,Конакрі,Невідомо,Невідомо,Невідомо,Невідомо
Гаїті,https://uk.wikipedia.org/wiki/%D0%93%D0%B0%D1%97%D1%82%D1%96,Невідомо,Невідомо,Невідомо,Невідомо,Невідомо
В'єтнам,https://uk.wikipedia.org/wiki/%D0%92%27%D1%94%D1%82%D0%BD%D0%B0%D0%BC,Ханой,Невідомо,Невідомо,Невідомо,Невідомо
Гана,https://uk.wikipedia.org/wiki/%D0%93%D0%B0%D0%BD%D0%B0,Аккра,Невідомо,Невідомо,Невідомо,Невідомо
Гамбія,https://uk.wikipedia.org/wiki/%D0%93%D0%B0%D0%BC%D0%B1%D1%96%D1%8F,Банжул,Невідомо,Невідомо,Невідомо,Невідомо
Вірменія,https://uk.wikipedia.org/wiki/%D0%92%D1%96%D1%80%D0%BC%D0%B5%D0%BD%D1%96%D1%8F,Невідомо,Невідомо,Невідомо,Невідомо,Невідомо
Гаяна,https://uk.wikipedia.org/wiki/%D0%93%D0%B0%D1%8F%D0%BD%D0%B0,Невідомо,Невідомо,Невідомо,Невідомо,Невідомо
Габон,https://uk.wikipedia.org/wiki/%D0%93%D0%B0%D0%B1%D0%BE%D0%BD,Невідомо,Невідомо,Невідомо,Невідомо,Невідомо
Бельгія,https://uk.wikipedia.org/wiki/%D0%91%D0%B5%D0%BB%D1%8C%D0%B3%D1%96%D1%8F,Невідомо,Невідомо,Невідомо,Невідомо,Невідомо
Беліз,https://uk.wikipedia.org/wiki/%D0%91%D0%B5%D0%BB%D1%96%D0%B7,Бельмопан,Невідомо,Невідомо,Невідомо,Невідомо
Бахрейн,https://uk.wikipedia.org/wiki/%D0%91%D0%B0%D1%85%D1%80%D0%B5%D0%B9%D0%BD,Невідомо,Невідомо,Невідомо,Невідомо,Невідомо
Афганістан,https://uk.wikipedia.org/wiki/%D0%90%D1%84%D0%B3%D0%B0%D0%BD%D1%96%D1%81%D1%82%D0%B0%D0%BD,Невідомо,Невідомо,Невідомо,Невідомо,Невідомо
Барбадос,https://uk.wikipedia.org/wiki/%D0%91%D0%B0%D1%80%D0%B1%D0%B0%D0%B4%D0%BE%D1%81,Невідомо,Невідомо,Невідомо,Невідомо,Невідомо
Бангладеш,https://uk.wikipedia.org/wiki/%D0%91%D0%B0%D0%BD%D0%B3%D0%BB%D0%B0%D0%B4%D0%B5%D1%88,Дакка,Невідомо,Невідомо,Невідомо,Невідомо
Багамські Острови,https://uk.wikipedia.org/wiki/%D0%91%D0%B0%D0%B3%D0%B0%D0%BC%D1%81%D1%8C%D0%BA%D1%96_%D0%9E%D1%81%D1%82%D1%80%D0%BE%D0%B2%D0%B8,Невідомо,Невідомо,Невідомо,Невідомо,Невідомо
Антигуа і Барбуда,https://uk.wikipedia.org/wiki/%D0%90%D0%BD%D1%82%D0%B8%D0%B3%D1%83%D0%B0_%D1%96_%D0%91%D0%B0%D1%80%D0%B1%D1%83%D0%B4%D0%B0,Невідомо,Невідомо,Невідомо,Невідомо,Невідомо
Аргентина,https://uk.wikipedia.org/wiki/%D0%90%D1%80%D0%B3%D0%B5%D0%BD%D1%82%D0%B8%D0%BD%D0%B0,Невідомо,Невідомо,Невідомо,Невідомо,Невідомо
Андорра,https://uk.wikipedia.org/wiki/%D0%90%D0%BD%D0%B4%D0%BE%D1%80%D1%80%D0%B0,Невідомо,Невідомо,Невідомо,Невідомо,Невідомо
Ангола,https://uk.wikipedia.org/wiki/%D0%90%D0%BD%D0%B3%D0%BE%D0%BB%D0%B0,Невідомо,Невідомо,Невідомо,Невідомо,Невідомо
Азербайджан,https://uk.wikipedia.org/wiki/%D0%90%D0%B7%D0%B5%D1%80%D0%B1%D0%B0%D0%B9%D0%B4%D0%B6%D0%B0%D0%BD,Невідомо,Невідомо,Невідомо,Невідомо,Невідомо
Алжир,https://uk.wikipedia.org/wiki/%D0%90%D0%BB%D0%B6%D0%B8%D1%80,Алжир,Невідомо,Невідомо,Невідомо,Невідомо
Албанія,https://uk.wikipedia.org/wiki/%D0%90%D0%BB%D0%B1%D0%B0%D0%BD%D1%96%D1%8F,Невідомо,Невідомо,Невідомо,Невідомо,Невідомо
Австрія,https://uk.wikipedia.org/wiki/%D0%90%D0%B2%D1%81%D1%82%D1%80%D1%96%D1%8F,Відень,Невідомо,Невідомо,Невідомо,Невідомо
